"Genus_species","Order","Family","TotalLength_CM","DiscWidth_CM","DiscLength_CM","SnoutLength_CM","InterorbitalSpace_MM","LengthToApex_CM","MouthWidth_CM","CFAR","LGSavg","RGSavg","GSavg","SpiracleArea","SpiracleLength","Circularity","Sex","Maturity","Ecomorphotype","PropulsionMethod"
"Acroteriobatus_andysabini","Rhinopristiformes","Rhinobatidae",63.99,19,24.47,7.6,38,18.3,4,NA,8.7,9,8.85,0.8,18.63,NA,"M","Mature","Rhinobenthic","Caudal Propulsion"
"Acroteriobatus_andysabini","Rhinopristiformes","Rhinobatidae",21.03,7.8,9.36,3,9,6.5,1.5,"1.07",2.5,2.7,2.6,0.14,4.64,NA,"F","Juvenile","Rhinobenthic","Caudal Propulsion"
"Acroteriobatus_andysabini","Rhinopristiformes","Rhinobatidae",16.88,7.3,7.51,2.7,10,5.4,1.5,"0.79",1.7,1.9,1.8,0.1,6.96,NA,"M","Juvenile","Rhinobenthic","Caudal Propulsion"
"Acroteriobatus_andysabini","Rhinopristiformes","Rhinobatidae",29.66,12.2,12.03,4.6,16,8.8,2.6,"0.82",5.8,5.8,5.8,0.32,7.57,NA,"F","Juvenile","Rhinobenthic","Caudal Propulsion"
"Acroteriobatus_andysabini","Rhinopristiformes","Rhinobatidae",23,7.6,10.16,3.1,11,6.5,1.9,"0.65",3.8,3.8,3.8,0.13,4.54,NA,"M","Juvenile","Rhinobenthic","Caudal Propulsion"
"Acroteriobatus_andysabini","Rhinopristiformes","Rhinobatidae",32.78,11.2,13.72,4.6,15,9.7,2.4,"0.78",6.1,5.8,5.95,0.66,9.82,NA,"M","Juvenile","Rhinobenthic","Caudal Propulsion"
"Acroteriobatus_annulatus","Rhinopristiformes","Rhinobatidae",95.7,33.6,38.4,12,35,26.5,6.5,"0.5882846981",14.2,14.6,14.4,1.165,18.03,NA,"F","Mature","Rhinobenthic","Caudal Propulsion"
"Acroteriobatus_annulatus","Rhinopristiformes","Rhinobatidae",97.4,35.6,39.6,12.5,50,27,6.9,"0.3810818228",16.6,15.2,15.9,1.534,20.3,NA,"F","Mature","Rhinobenthic","Caudal Propulsion"
"Acroteriobatus_annulatus","Rhinopristiformes","Rhinobatidae",36.1,13.9,15.5,5.9,29,11,2.3,"0.919177",5,5.2,5.1,0.21,8.82,"0.750","F","Juvenile","Rhinobenthic","Caudal Propulsion"
"Acroteriobatus_annulatus","Rhinopristiformes","Rhinobatidae",84.3,30,32.7,11.1,31,22.2,4.9,"0.943317",11.6,10.8,11.2,1.23,19.08,"0.759","F","Mature","Rhinobenthic","Caudal Propulsion"
"Acroteriobatus_annulatus","Rhinopristiformes","Rhinobatidae",70,23.9,26.7,10.1,31,20.9,4.2,"0.743853",8.6,9.6,9.1,1.27,19.08,"0.725","F","Mature","Rhinobenthic","Caudal Propulsion"
"Acroteriobatus_annulatus","Rhinopristiformes","Rhinobatidae",79,24.1,28.9,9.9,28,32.1,4.6,"0.611057",10,9.8,9.9,0.48,12.49,"0.692","M","Mature","Rhinobenthic","Caudal Propulsion"
"Acroteriobatus_annulatus","Rhinopristiformes","Rhinobatidae",72,25.9,28.8,9.6,32,19.8,4.1,"0.717421",10,10.2,10.1,0.88,16.02,"0.755","F","Mature","Rhinobenthic","Caudal Propulsion"
"Acroteriobatus_annulatus","Rhinopristiformes","Rhinobatidae",52.5,18.5,21.2,7.6,23,15.9,3.2,"0.913125",7,7.2,7.1,0.7,15.8,"0.733","M","Juvenile","Rhinobenthic","Caudal Propulsion"
"Acroteriobatus_annulatus","Rhinopristiformes","Rhinobatidae",64.5,21.5,25,9.5,26,18.6,3.6,"0.743784",8.4,7.4,7.9,0.96,18.12,"0.716","M","Mature","Rhinobenthic","Caudal Propulsion"
"Acroteriobatus_annulatus","Rhinopristiformes","Rhinobatidae",47.8,17.2,18.2,6.5,20,14.2,2.9,"1.222800",6.2,6.4,6.3,0.62,18.35,"0.784","F","Juvenile","Rhinobenthic","Caudal Propulsion"
"Acroteriobatus_annulatus","Rhinopristiformes","Rhinobatidae",31.6,13.7,14.6,5.4,18,10.6,2.3,"#DIV/0!",4.5,4,4.25,0.37,10.16,"0.741","F","Juvenile","Rhinobenthic","Caudal Propulsion"
"Acroteriobatus_blochii","Rhinopristiformes","Rhinobatidae",30.2,12.4,12.6,4.3,18,9.4,2.1,"0.509992",3.8,4.2,4,0.23,9.52,"0.744","F","Juvenile","Rhinobenthic","Caudal Propulsion"
"Acroteriobatus_leucospilus","Rhinopristiformes","Rhinobatidae",47.07,15,18.28,6.2,19,13.6,3.2,"0.64",7.4,7.2,7.3,0.79,11.28,NA,"F","Juvenile","Rhinobenthic","Caudal Propulsion"
"Acroteriobatus_leucospilus","Rhinopristiformes","Rhinobatidae",23.2,8.2,10.07,3.3,11,7.1,1.7,"0.66",2.7,2.16666666666667,2.5,0.22,7.59,NA,"M","Juvenile","Rhinobenthic","Caudal Propulsion"
"Acroteriobatus_leucospilus","Rhinopristiformes","Rhinobatidae",72.74,22.6,28.37,8.8,32,17.8,4.4,"0.97",9.6,10,9.8,1.09,21.2,NA,"F","Mature","Rhinobenthic","Caudal Propulsion"
"Acroteriobatus_leucospilus","Rhinopristiformes","Rhinobatidae",60.49,19,24.14,7.5,27,15.3,4,NA,8.6,8.8,8.7,0.8,18.25,NA,"F","Subadult","Rhinobenthic","Caudal Propulsion"
"Acroteriobatus_leucospilus","Rhinopristiformes","Rhinobatidae",29.8,10.5,11.6,4.3,15,8.3,1.8,"0.666952",4.4,5,4.7,0.19,7.18,"0.770","M","Juvenile","Rhinobenthic","Caudal Propulsion"
"Acroteriobatus_leucospilus","Rhinopristiformes","Rhinobatidae",45.6,18.5,21.4,6.8,17,14.2,3.2,"0.858978",9,9.4,9.2,0.62,14.74,"0.599","F","Juvenile","Rhinobenthic","Caudal Propulsion"
"Acroteriobatus_leucospilus","Rhinopristiformes","Rhinobatidae",49.4,15.7,18.6,6.3,18,13.4,2.8,"1.082349",8.2,7.6,7.9,0.279,10.26,"0.661","F","Juvenile","Rhinobenthic","Caudal Propulsion"
"Acroteriobatus_leucospilus","Rhinopristiformes","Rhinobatidae",46,16.2,18,5.8,20,12,2.5,"0.720684",6.6,6.8,6.7,0.29,11.66,"0.683","F","Juvenile","Rhinobenthic","Caudal Propulsion"
"Acroteriobatus_ocellatus","Rhinopristiformes","Rhinobatidae",73.8,21.9,29,9.6,22,19.7,4.2,"#DIV/0!",10.6,11,10.8,NA,NA,NA,"M","Subadult","Rhinobenthic","Caudal Propulsion"
"Acroteriobatus_zanzibarensis","Rhinopristiformes","Rhinobatidae",75.5,21.5,27.3,9.5,23,19.2,4,"#DIV/0!",8.8,8.4,8.6,NA,NA,NA,"M","Mature","Rhinobenthic","Caudal Propulsion"
"Acroteriobatus_zanzibarensis","Rhinopristiformes","Rhinobatidae",65.6,18.4,24.4,8.8,21,17.6,3.6,"0.717185",7,6.8,6.9,0.65,14.2,"0.780","M","Mature","Rhinobenthic","Caudal Propulsion"
"Aetobatus_flagellum","Myliobatiformes","Aetobatidae",213.95,91,55.71,9.7,135,33.8,6.4,NA,16.4,17.6,17,16.26,55.45,NA,"F","Mature","Aquilopelagic","Pectoral Oscillation"
"Aetobatus_ocellatus","Myliobatiformes","Aetobatidae",132.7,59.4,34.6,4.9,54,22.6,4.2,"#DIV/0!",8,8.8,8.4,5.27,39.02,"0.541","F","Juvenile","Aquilopelagic","Pectoral Oscillation"
"Aetomylaeus_bovinus","Myliobatiformes","Myliobatidae",118.4,60.5,37.4,4.9,59,25.1,4.5,"#DIV/0!",7.8,7.8,7.8,2.449,37.14,NA,"M","Subadult","Aquilopelagic","Pectoral Oscillation"
"Aetomylaeus_bovinus","Myliobatiformes","Myliobatidae",114.5,67.4,40.7,4.2,62,28.6,4.6,"#DIV/0!",9.6,9,9.3,2.525,29.3,NA,"M","Subadult","Aquilopelagic","Pectoral Oscillation"
"Aetomylaeus_bovinus","Myliobatiformes","Myliobatidae",81.9,46,28.6,3.8,36,19.9,3.2,"#DIV/0!",7,7.4,7.2,0.658,21.65,NA,"F","Juvenile","Aquilopelagic","Pectoral Oscillation"
"Aetomylaeus_bovinus","Myliobatiformes","Myliobatidae",70.2,30.8,18.7,2.4,31,12.9,2.1,"#DIV/0!",4.2,4.4,4.3,0.63,19.44,NA,"M","Juvenile","Aquilopelagic","Pectoral Oscillation"
"Aetomylaeus_bovinus","Myliobatiformes","Myliobatidae",NA,104,56.2,17.6,95,38.6,7,"#DIV/0!",15.6,16,15.8,5.94,57.87,"0.437","M","Mature","Aquilopelagic","Pectoral Oscillation"
"Aetomylaeus_bovinus","Myliobatiformes","Myliobatidae",NA,NA,52.2,NA,NA,NA,NA,"#DIV/0!",NA,NA,NA,5.73,43.97,"0.508",NA,NA,"Aquilopelagic","Pectoral Oscillation"
"Aetomylaeus_bovinus","Myliobatiformes","Myliobatidae",NA,101.6,54.8,10.2,13.3,31.2,6.6,"#DIV/0!",22.4,22.2,22.3,12.05,46.4,"0.503","F","Mature","Aquilopelagic","Pectoral Oscillation"
"Aetomylaeus_bovinus","Myliobatiformes","Myliobatidae",NA,71.9,45.8,6.8,67,30.8,6.2,"#DIV/0!",12,12,12,2.3,54.01,"0.524","M","Juvenile","Aquilopelagic","Pectoral Oscillation"
"Aetomylaeus_bovinus","Myliobatiformes","Myliobatidae",NA,73.4,42.3,5.9,59,28.7,4.7,"#DIV/0!",11.6,11.6,11.6,5.06,41.73,"0.495","M","Juvenile","Aquilopelagic","Pectoral Oscillation"
"Aetomylaeus_bovinus","Myliobatiformes","Myliobatidae",114.8,66.1,43.4,8.7,62,28,5.2,"#DIV/0!",11.8,12.6,12.2,NA,NA,"0.477","F","Juvenile","Aquilopelagic","Pectoral Oscillation"
"Aetomylaeus_bovinus","Myliobatiformes","Myliobatidae",NA,NA,NA,NA,NA,NA,NA,"#DIV/0!",NA,NA,NA,1.9,39.33,NA,NA,NA,"Aquilopelagic","Pectoral Oscillation"
"Aetomylaeus_bovinus","Myliobatiformes","Myliobatidae",125,129.1,87.6,19.3,133,57.4,10.9,"#DIV/0!",34.2,32.4,33.3,7.25,87.02,"0.482","F","Mature","Aquilopelagic","Pectoral Oscillation"
"Aetomylaeus_wafickii","Myliobatiformes","Myliobatidae",78,45.1,29.08,3.9,58,18.2,3.4,NA,8,8.6,8.3,1.28,29.46,NA,"F","Subadult","Aquilopelagic","Pectoral Oscillation"
"Aetomylaeus_wafickii","Myliobatiformes","Myliobatidae",74.47,38.9,23.7,3.7,48,14.5,2.9,NA,7,7,7,1.15,27.56,NA,"F","Juvenile","Aquilopelagic","Pectoral Oscillation"
"Aetomylaeus_wafickii","Myliobatiformes","Myliobatidae",NA,47.6,28.8,4.1,59,18.3,3.5,NA,8.8,10.2,9.5,1.77,26.83,NA,"M","Mature","Aquilopelagic","Pectoral Oscillation"
"Aetomylaeus_wafickii","Myliobatiformes","Myliobatidae",74.42,40.4,25.3,3.5,48,16.1,2.6,NA,7.4,7.6,7.5,1.1,23.08,NA,"M","Mature","Aquilopelagic","Pectoral Oscillation"
"Aetomylaeus_wafickii","Myliobatiformes","Myliobatidae",71.95,49,28.59,4.3,57,17.2,3.4,NA,9.4,9.4,9.4,1.18,23.66,NA,"M","Mature","Aquilopelagic","Pectoral Oscillation"
"Aetomylaeus_wafickii","Myliobatiformes","Myliobatidae",35.91,29.7,15.75,2.5,40,11.3,2.1,NA,4,5,4.5,0.87,20.94,NA,"F","Juvenile","Aquilopelagic","Pectoral Oscillation"
"Aetomylaeus_wafickii","Myliobatiformes","Myliobatidae",62.69,30.6,17.87,2.9,39,11.7,2.1,NA,5.8,5.8,5.8,0.52,21.6,NA,"M","Juvenile","Aquilopelagic","Pectoral Oscillation"
"Amblyraja_georgiana","Rajiformes","Rajidae",35,28,19.9,5,24,13,3.7,"#DIV/0!",4.6,5,4.8,0.48,10.59,"0.733","M","Juvenile","Rajobenthic","Pectoral Undulation"
"Amblyraja_georgiana","Rajiformes","Rajidae",72,58.8,41.1,9.8,49,28.3,9.8,"#DIV/0!",13,12,12.5,1.81,20.04,NA,"F","Mature","Rajobenthic","Pectoral Undulation"
"Amblyraja_georgiana","Rajiformes","Rajidae",95.5,69.2,55,14,77,35.1,11.9,"#DIV/0!",14,13.6,13.8,1.939,21.73,NA,"M","Mature","Rajobenthic","Pectoral Undulation"
"Amblyraja_georgiana","Rajiformes","Rajidae",92.1,73.1,51.6,13.3,65,32.2,11.9,"#DIV/0!",14.6,14.4,14.5,2.564,24.91,NA,"M","Mature","Rajobenthic","Pectoral Undulation"
"Amblyraja_georgiana","Rajiformes","Rajidae",93,76.1,52.8,13,58,33.7,12,"#DIV/0!",12.4,12.2,12.3,3.198,25.71,NA,"F","Mature","Rajobenthic","Pectoral Undulation"
"Amblyraja_georgiana","Rajiformes","Rajidae",87.5,70,49,12.1,62,32.3,11.1,"#DIV/0!",14.6,13.2,13.9,2.951,29.69,NA,"M","Mature","Rajobenthic","Pectoral Undulation"
"Amblyraja_hyperborea","Rajiformes","Rajidae",96.46,70.5,53.3,13,83,31.7,7.5,NA,18,18.2,18.1,3.93,34.35,NA,"M","Mature","Rajobenthic","Pectoral Undulation"
"Amblyraja_hyperborea","Rajiformes","Rajidae",74.48,55,38.93,11.8,72,28.5,9.6,NA,18.2,17.6,17.9,2.59,22.5,NA,"M","Subadult","Rajobenthic","Pectoral Undulation"
"Amblyraja_radiata","Rajiformes","Rajidae",52.3,37.2,27.3,7.1,34,17.7,5.4,"#VALUE!",7.8,7.8,7.8,0.32,12.06,"0.499","F","Juvenile","Rajobenthic","Pectoral Undulation"
"Amblyraja_radiata","Rajiformes","Rajidae",33.3,24.7,17.4,4.1,19,12.9,3.1,"#VALUE!",5.8,5.6,5.7,0.54,12.03,"blank tiff","F","Juvenile","Rajobenthic","Pectoral Undulation"
"Amblyraja_radiata","Rajiformes","Rajidae",38.2,24.8,20.2,5.8,17,11.6,4.7,"#DIV/0!",5.6,5.8,5.7,0.52,11.73,"0.787","M","Mature","Rajobenthic","Pectoral Undulation"
"Amblyraja_radiata","Rajiformes","Rajidae",38.9,25.1,20.6,4.9,22,11.4,4,"#DIV/0!",6.6,7,6.8,0.62,12.83,"0.776","F","Juvenile","Rajobenthic","Pectoral Undulation"
"Amblyraja_radiata","Rajiformes","Rajidae",43.7,28.6,22.1,5.2,18,13.3,4.5,"#DIV/0!",7.4,6.6,7,0.55,11.61,"0.807","M","Mature","Rajobenthic","Pectoral Undulation"
"Amblyraja_radiata","Rajiformes","Rajidae",34.6,21.8,17.9,4.2,17,12.1,3.4,"#DIV/0!",5.4,5.2,5.3,0.355,9.33,"0.784","M","Subadult","Rajobenthic","Pectoral Undulation"
"Amblyraja_radiata","Rajiformes","Rajidae",84.2,66.5,45.7,11,50,28.3,10.4,"#DIV/0!",13.2,13.4,13.3,2.724,25.23,"0.777","M","Mature","Rajobenthic","Pectoral Undulation"
"Anacanthobatis_marmorata","Rajiformes","Anacanthobatidae",22.8,15.1,13.2,4,12,8.3,1.6,"#DIV/0!",1.8,2.8,2.3,0.21,5.33,"0.951","F","Subadult","Rajobenthic","Pectoral Undulation"
"Anacanthobatis_marmorata","Rajiformes","Anacanthobatidae",26.4,16,14.5,3.9,11,7.1,2,"#DIV/0!",NA,1.8,1.8,0.12,5.13,"0.769","M","Mature","Rajobenthic","Pectoral Undulation"
"Anacanthobatis_marmorata","Rajiformes","Anacanthobatidae",27.2,16.8,16,4.9,14,9.6,1.7,"#DIV/0!",1.8,2.4,2.1,0.039,3.29,"0.893","F","Mature","Rajobenthic","Pectoral Undulation"
"Anacanthobatis_marmorata","Rajiformes","Anacanthobatidae",22.9,17.2,15.5,4.7,12,8,1.8,"#DIV/0!",1.8,1.8,1.8,0.084,4.14,"0.902","F","Subadult","Rajobenthic","Pectoral Undulation"
"Anacanthobatis_marmorata","Rajiformes","Anacanthobatidae",23.6,15.2,14.1,4.9,12,9.1,1.9,"#DIV/0!",2,2.2,2.1,0.13,5.24,"0.936","F","Mature","Rajobenthic","Pectoral Undulation"
"Anacanthobatis_marmorata","Rajiformes","Anacanthobatidae",22.8,13.6,12.7,4.1,12,6,1.5,"#DIV/0!",2,2.2,2.1,0.058,4.37,"0.903","F","Subadult","Rajobenthic","Pectoral Undulation"
"Anacanthobatis_marmorata","Rajiformes","Anacanthobatidae",18.8,10.7,10.4,2.5,11,5.7,1.3,"#DIV/0!",3.5,2.75,3,0.056,3.9,"0.875","F","Juvenile","Rajobenthic","Pectoral Undulation"
"Anacanthobatis_marmorata","Rajiformes","Anacanthobatidae",21.4,14.8,12.5,3.8,9,7.4,1.5,"#DIV/0!",2.6,0.8,1.7,0.044,3.59,NA,"F","Juvenile","Rajobenthic","Pectoral Undulation"
"Anoxypristis_cuspidata","Rhinopristiformes","Pristidae",104.96,28.3,51.07,27.4,48,44.2,5.4,"1.11",14.6,13.4,14,0.47,14.13,NA,"M","Juvenile","Rhinobenthic","Caudal Propulsion"
"Anoxypristis_cuspidata","Rhinopristiformes","Pristidae",125.75,32.5,57.03,31.5,53,50,6.2,"1.68",16,15.8,15.9,1.3,19.06,NA,"F","Juvenile","Rhinobenthic","Caudal Propulsion"
"Anoxypristis_cuspidata","Rhinopristiformes","Pristidae",157.34,41.8,74.51,41.2,75,69.7,8,"1.24",21.2,22.4,21.8,2.08,26.39,NA,"F","Juvenile","Rhinobenthic","Caudal Propulsion"
"Anoxypristis_cuspidata","Rhinopristiformes","Pristidae",63.52,17.7,34.65,19.2,38,32.5,3.8,"1.03",10,10.4,10.2,0.31,10.86,NA,"F","Juvenile","Rhinobenthic","Caudal Propulsion"
"Anoxypristis_cuspidata","Rhinopristiformes","Pristidae",98.1,29.1,50.4,26.4,33,47.2,5.3,"1.218847",13.2,13,13.1,1.25,17.83,"0.217","F","Juvenile","Rhinobenthic","Caudal Propulsion"
"Arctoraja_parmifera","Rajiformes","Arhynchobatidae",46.5,32,27.2,7.1,19,14.3,3.1,"#VALUE!",6.4,5.8,6.1,0.82,14.84,"0.760","F","Juvenile","Rajobenthic","Pectoral Undulation"
"Arctoraja_parmifera","Rajiformes","Arhynchobatidae",71.6,45.5,36.2,8.1,32,19.8,4.8,"#VALUE!",10.4,10.6,10.5,1.22,20.02,"0.784","M","Juvenile","Rajobenthic","Pectoral Undulation"
"Arctoraja_parmifera","Rajiformes","Arhynchobatidae",62.5,42.2,34,8.7,28,18.7,4.1,"#VALUE!",10.8,12,11.4,0.84,19.73,"0.780","F","Juvenile","Rajobenthic","Pectoral Undulation"
"Arctoraja_parmifera","Rajiformes","Arhynchobatidae",71.6,48.4,37.2,8.9,31,21.6,4.9,"#VALUE!",8.8,9.4,9.1,1.38,20.37,"0.733","M","Juvenile","Rajobenthic","Pectoral Undulation"
"Arctoraja_parmifera","Rajiformes","Arhynchobatidae",63.5,40.5,30.9,6.8,29,18,4.5,"#VALUE!",10,10.2,10.1,1.48,20.52,"0.767","M","Juvenile","Rajobenthic","Pectoral Undulation"
"Arctoraja_parmifera","Rajiformes","Arhynchobatidae",58.8,38.9,31.2,6.8,26,19,4.3,"#VALUE!",9,8.6,8.8,0.68,14.77,"0.755","M","Juvenile","Rajobenthic","Pectoral Undulation"
"Arctoraja_parmifera","Rajiformes","Arhynchobatidae",69.5,46.6,36.1,8.1,32,21.5,4.5,"#VALUE!",10.8,11.2,11,1.08,17.43,"0.702","M","Juvenile","Rajobenthic","Pectoral Undulation"
"Arctoraja_parmifera","Rajiformes","Arhynchobatidae",84.5,58.6,44.6,9.7,43,27.4,8.1,"#VALUE!",16.4,16,16.2,1.55,21.64,"0.752","M","Juvenile","Rajobenthic","Pectoral Undulation"
"Arctoraja_parmifera","Rajiformes","Arhynchobatidae",48.8,35.9,26,7.6,28,17.4,3.8,"#VALUE!",8,8,8,0.78,16.19,"0.765","M","Juvenile","Rajobenthic","Pectoral Undulation"
"Arctoraja_parmifera","Rajiformes","Arhynchobatidae",92.7,67.7,53.6,13.3,56,31.7,7.3,"#VALUE!",15.8,16.6,16.2,2.86,30.86,"0.727","F","Subadult","Rajobenthic","Pectoral Undulation"
"Arctoraja_parmifera","Rajiformes","Arhynchobatidae",85.9,65.9,49.3,13.8,62,28.7,6.7,"#VALUE!",13.6,14.8,14.2,1.89,27.95,"0.842","F","Juvenile","Rajobenthic","Pectoral Undulation"
"Arctoraja_parmifera","Rajiformes","Arhynchobatidae",117.6,79.3,62.2,18.7,77,37.8,9,"#VALUE!",23.6,24.8,24.2,2.45,34.83,"0.818","F","Mature","Rajobenthic","Pectoral Undulation"
"Atlantoraja_castelnaui","Rajiformes","Arhynchobatidae",106.6,71.1,57,14.2,50,32.4,10.7,"#DIV/0!",13.2,12.8,13,2.648,26.95,NA,"M","Mature","Rajobenthic","Pectoral Undulation"
"Atlantoraja_castelnaui","Rajiformes","Arhynchobatidae",91.1,65.2,50.8,12.2,49,28.4,7.3,"#DIV/0!",11.8,11.4,11.6,2.057,22.03,NA,"M","Mature","Rajobenthic","Pectoral Undulation"
"Atlantoraja_castelnaui","Rajiformes","Arhynchobatidae",88.7,66.8,50.9,12.9,57,28.9,7.8,"#DIV/0!",12.8,12.6,12.7,2.895,26.55,NA,"F","Juvenile","Rajobenthic","Pectoral Undulation"
"Atlantoraja_castelnaui","Rajiformes","Arhynchobatidae",88.5,63,49.5,13.6,54,28.8,7.7,"#DIV/0!",12,11.2,11.3333333333333,3.177,27.96,NA,"F","Juvenile","Rajobenthic","Pectoral Undulation"
"Atlantoraja_castelnaui","Rajiformes","Arhynchobatidae",81.8,56.1,44.1,11.7,49,24.7,7.2,"#DIV/0!",11.4,11,11.2,1.393,21.42,NA,"F","Juvenile","Rajobenthic","Pectoral Undulation"
"Bathyraja_abyssicola","Rajiformes","Arhynchobatidae",128.17,73,70.07,20,84,43,8.9,NA,25.4,25.6,25.5,2.59,25.84,NA,"F","Mature","Rajobenthic","Pectoral Undulation"
"Bathyraja_abyssicola","Rajiformes","Arhynchobatidae",120.51,67.3,64.23,19.1,78,38.5,8.5,NA,21,24,22.125,4.27,30.74,NA,"F","Juvenile","Rajobenthic","Pectoral Undulation"
"Bathyraja_aleutica","Rajiformes","Arhynchobatidae",27.5,16.3,13.1,3.1,12,7.2,1.8,"#VALUE!",4.4,4,4.2,0.21,7.33,"0.793","M","Juvenile","Rajobenthic","Pectoral Undulation"
"Bathyraja_aleutica","Rajiformes","Arhynchobatidae",41.5,26.6,22,5.5,19,12.4,2.9,"#VALUE!",7.6,6,6.8,0.419,13.41,"0.806","M","Juvenile","Rajobenthic","Pectoral Undulation"
"Bathyraja_aleutica","Rajiformes","Arhynchobatidae",70.7,45.2,35.2,7.8,31,21.1,5.4,"#VALUE!",9.8,9.6,9.7,1.12,19.18,"0.770","M","Juvenile","Rajobenthic","Pectoral Undulation"
"Bathyraja_aleutica","Rajiformes","Arhynchobatidae",121.57,81,67.95,21.7,85,41.2,9.4,NA,23.2,23.4,23.3,2.84,32.88,NA,"F","Mature","Rajobenthic","Pectoral Undulation"
"Bathyraja_aleutica","Rajiformes","Arhynchobatidae",82,49.5,40.81,10.7,66,25.5,5.5,NA,17.6,18.6,18.1,2.09,29.96,NA,"F","Juvenile","Rajobenthic","Pectoral Undulation"
"Bathyraja_bergi","Rajiformes","Arhynchobatidae",63.52,60.5,45.34,11.6,55,28.7,6.6,NA,NA,15.4,15.4,1.92,28.98,NA,"M","Subadult","Rajobenthic","Pectoral Undulation"
"Bathyraja_interrupta","Rajiformes","Arhynchobatidae",38.5,23.2,19.8,5.3,30,11.8,2.3,"#VALUE!",5,5.2,5.1,0.1,7.64,"0.741","F","Juvenile","Rajobenthic","Pectoral Undulation"
"Bathyraja_interrupta","Rajiformes","Arhynchobatidae",37.9,24.4,19.6,5,19,12.9,2.5,"#VALUE!",5.6,6,5.8,0.21,10.55,"0.790","F","Juvenile","Rajobenthic","Pectoral Undulation"
"Bathyraja_interrupta","Rajiformes","Arhynchobatidae",67,42.5,34.8,8.3,27,19.9,NA,"#VALUE!",10,9.8,9.9,0.98,21.33,"0.829","F","Subadult","Rajobenthic","Pectoral Undulation"
"Bathyraja_interrupta","Rajiformes","Arhynchobatidae",41,26.2,20.4,5.6,34,13.1,2.7,"#VALUE!",5.2,5.6,5.4,0.15,10.62,"0.789","F","Juvenile","Rajobenthic","Pectoral Undulation"
"Bathyraja_interrupta","Rajiformes","Arhynchobatidae",37.6,24.3,19.2,4.8,16,11.7,2.5,"#REF!",4.6,4.4,4.5,0.14,10.76,"blank tiff","F","Juvenile","Rajobenthic","Pectoral Undulation"
"Bathyraja_interrupta","Rajiformes","Arhynchobatidae",37.3,24,20.6,5.1,17,12.1,2.3,"#VALUE!",5.4,5,5.2,0.16,9.55,"0.722","F","Juvenile","Rajobenthic","Pectoral Undulation"
"Bathyraja_interrupta","Rajiformes","Arhynchobatidae",41.7,25.5,20.9,5.9,18,13.7,2.6,"#VALUE!",4.8,4.4,4.6,0.24,12.42,"0.725","F","Juvenile","Rajobenthic","Pectoral Undulation"
"Bathyraja_interrupta","Rajiformes","Arhynchobatidae",47.1,30.2,24.1,5.8,21,14.2,2.9,"#VALUE!",8.4,7.8,8.1,0.41,12.11,"0.763","M","Juvenile","Rajobenthic","Pectoral Undulation"
"Bathyraja_interrupta","Rajiformes","Arhynchobatidae",55.7,36.1,28.3,7,28,16.1,4,"#VALUE!",8.4,8.4,8.4,0.56,15.11,"0.781","M ","Juvenile","Rajobenthic","Pectoral Undulation"
"Bathyraja_interrupta","Rajiformes","Arhynchobatidae",60.9,39,30.9,7.1,20,17.9,4,"#VALUE!",9.6,9.6,9.6,0.81,17.37,"0.783","M","Subadult","Rajobenthic","Pectoral Undulation"
"Bathyraja_kincaidii","Rajiformes","Arhynchobatidae",39.2,22.9,19.1,4.4,14,11.4,2.3,"#VALUE!",3.4,3.8,3.6,0.23,10.02,"0.795","F","Juvenile","Rajobenthic","Pectoral Undulation"
"Bathyraja_kincaidii","Rajiformes","Arhynchobatidae",37.7,23.1,19,4.8,18,12,2.4,"#VALUE!",3.6,3.6,3.6,0.19,9.73,"0.793","M","Juvenile","Rajobenthic","Pectoral Undulation"
"Bathyraja_kincaidii","Rajiformes","Arhynchobatidae",51.5,29,24.1,5.6,23,14.2,3.8,"#VALUE!",7.6,7,7.3,0.51,15.62,"0.848","F","Mature","Rajobenthic","Pectoral Undulation"
"Bathyraja_kincaidii","Rajiformes","Arhynchobatidae",54.2,34.6,28.9,6.7,26,17.3,4.1,"#VALUE!",7.4,8.6,8,NA,NA,NA,"M","Mature","Rajobenthic","Pectoral Undulation"
"Bathyraja_kincaidii","Rajiformes","Arhynchobatidae",60.3,40.7,30.8,7,25,18.6,4.4,"#VALUE!",10.2,11,10.6,0.58,15.1,"0.786","M","Mature","Rajobenthic","Pectoral Undulation"
"Bathyraja_macloviana","Rajiformes","Arhynchobatidae",53.6,37.4,28.9,6.1,28,16.2,4,"#DIV/0!",8,8,8,NA,NA,NA,"M","Mature","Rajobenthic","Pectoral Undulation"
"Bathyraja_macloviana","Rajiformes","Arhynchobatidae",53.3,36.8,26,5.6,21,14.2,3.9,"#DIV/0!",6.2,6.4,6.3,NA,NA,NA,"M","Mature","Rajobenthic","Pectoral Undulation"
"Bathyraja_macloviana","Rajiformes","Arhynchobatidae",51.4,32.4,26,6.5,24,16.1,4,"#DIV/0!",7.6,7.4,7.5,NA,NA,NA,"M","Mature","Rajobenthic","Pectoral Undulation"
"Bathyraja_macloviana","Rajiformes","Arhynchobatidae",48.2,30.2,25.1,5.9,18,14.4,3.8,"#DIV/0!",5.2,5.4,5.3,0.48,17.88,"0.735","M","Subadult","Rajobenthic","Pectoral Undulation"
"Bathyraja_maculata","Rajiformes","Arhynchobatidae",58.4,38.1,28.4,5.9,35,17.6,4.5,"#VALUE!",10.8,10.8,10.8,1.94,20.36,"0.793","F","Juvenile","Rajobenthic","Pectoral Undulation"
"Bathyraja_multispinis","Rajiformes","Arhynchobatidae",105.8,70.1,53.2,12.3,45,30.2,9.6,"#DIV/0!",14.8,15.6,15.2,3.384,32.28,NA,"M","Mature","Rajobenthic","Pectoral Undulation"
"Bathyraja_multispinis","Rajiformes","Arhynchobatidae",71.3,50.1,36.5,9,35,22.1,6.5,"#DIV/0!",12,13.2,12.6,1.908,22.73,NA,"F","Mature","Rajobenthic","Pectoral Undulation"
"Bathyraja_multispinis","Rajiformes","Arhynchobatidae",45.6,32.1,26.4,6.5,24,14.9,4.5,"#DIV/0!",8.8,9,8.9,0.571,14.32,NA,"F","Juvenile","Rajobenthic","Pectoral Undulation"
"Bathyraja_multispinis","Rajiformes","Arhynchobatidae",81.1,55.4,41.3,10.6,44,24,5.5,"#DIV/0!",13.8,13.8,13.8,1.833,20.64,NA,"M","Subadult","Rajobenthic","Pectoral Undulation"
"Bathyraja_richardsoni","Rajiformes","Arhynchobatidae",61.6,41,34.6,9.1,40,25.5,6.5,"#DIV/0!",9.6,9.6,9.6,0.207,10.53,NA,"F","Juvenile","Rajobenthic","Pectoral Undulation"
"Bathyraja_richardsoni","Rajiformes","Arhynchobatidae",50.4,33.5,27.9,7.7,36,19.6,5.2,"#DIV/0!",7.8,7.6,7.7,0.352,10.94,NA,"M","Juvenile","Rajobenthic","Pectoral Undulation"
"Bathyraja_richardsoni","Rajiformes","Arhynchobatidae",28.7,18.1,14,3.4,17,10.1,2.8,"#DIV/0!",3,3.2,3.1,0.066,5.72,NA,"F","Juvenile","Rajobenthic","Pectoral Undulation"
"Bathyraja_richardsoni","Rajiformes","Arhynchobatidae",59.6,42.9,35,9.3,40,23.2,6.6,"#DIV/0!",8.6,8.8,8.7,NA,NA,NA,"F","Juvenile","Rajobenthic","Pectoral Undulation"
"Bathyraja_richardsoni","Rajiformes","Arhynchobatidae",126.3,78.8,66.1,14.5,68,44.1,16.2,"#DIV/0!",24.2,24.6,24.4,3.52,24.84,NA,"M","Mature","Rajobenthic","Pectoral Undulation"
"Bathyraja_richardsoni","Rajiformes","Arhynchobatidae",107.8,72.9,63.4,13.3,75,42.6,12,"#DIV/0!",22.6,24,23.3,5.768,27.26,NA,"M","Mature","Rajobenthic","Pectoral Undulation"
"Bathyraja_richardsoni","Rajiformes","Arhynchobatidae",117.4,81.3,66.6,14.5,78,44.2,15,"#DIV/0!",23.8,26.4,25.1,4.983,31.29,"0.749","M","Mature","Rajobenthic","Pectoral Undulation"
"Bathyraja_smithii","Rajiformes","Arhynchobatidae",99.8,67.1,52.6,11.2,62,31.1,8.6,"#DIV/0!",12.8,12.8,12.8,3.47,31.72,"0.754","M","Mature","Rajobenthic","Pectoral Undulation"
"Bathyraja_smithii","Rajiformes","Arhynchobatidae",102.9,74.3,57.7,14.4,57,34.1,8.9,"#DIV/0!",15,13.8,14.4,3.71,29.46,"0.692","F","Mature","Rajobenthic","Pectoral Undulation"
"Bathyraja_smithii","Rajiformes","Arhynchobatidae",97.3,65.1,52.8,11.9,59,30.3,8.1,"#DIV/0!",13,12.6,12.8,2.92,26.05,"0.734","M","Mature","Rajobenthic","Pectoral Undulation"
"Bathyraja_spinicauda","Rajiformes","Arhynchobatidae",42.1,28.1,23.1,7.2,10,13.9,3.3,"#DIV/0!",4.8,4.2,4.5,0.239,8.5,NA,"F","Juvenile","Rajobenthic","Pectoral Undulation"
"Bathyraja_spinicauda","Rajiformes","Arhynchobatidae",33.6,24,19.3,7.1,21,11.5,2.8,"#DIV/0!",4.2,4.2,4.2,NA,NA,NA,"F","Juvenile","Rajobenthic","Pectoral Undulation"
"Bathyraja_spinicauda","Rajiformes","Arhynchobatidae",122.8,80.8,68.9,20.2,62,37.3,10.5,"#DIV/0!",15.4,15,15.2,4.542,37.96,"0.795","F","Juvenile","Rajobenthic","Pectoral Undulation"
"Bathyraja_spinicauda","Rajiformes","Arhynchobatidae",120.5,58.4,70.1,20.9,62,41.9,9,"#DIV/0!",17.2,15.8,16.5,2.704,31.7,"0.791","F","Juvenile","Rajobenthic","Pectoral Undulation"
"Bathyraja_spinicauda","Rajiformes","Arhynchobatidae",35,22.1,20.5,6.7,17,12.9,2.9,"#DIV/0!",3.4,3.4,3.4,0.149,7,NA,"F","Juvenile","Rajobenthic","Pectoral Undulation"
"Bathyraja_spinicauda","Rajiformes","Arhynchobatidae",55.7,36.3,32,10.5,27,21.1,4.1,"#DIV/0!",7.6,6.8,7.2,0.749,13.92,NA,"M","Juvenile","Rajobenthic","Pectoral Undulation"
"Bathyraja_taranetzi","Rajiformes","Arhynchobatidae",74.5,50,36.1,8.7,50,23.7,6.4,"#VALUE!",15.6,14,14.8,1.2,22.54,"0.792","F","Mature","Rajobenthic","Pectoral Undulation"
"Bathyraja_violacea","Rajiformes","Arhynchobatidae",73.2,48.2,37.5,19.8,35,22,5.4,"#VALUE!",11.8,12.8,12.3,0.52,19.19,"0.765","F","Mature","Rajobenthic","Pectoral Undulation"
"Bathyraja_violacea","Rajiformes","Arhynchobatidae",64.9,38.9,31.4,7.1,28,19.3,4.4,"#VALUE!",12.2,12,12.1,1.02,20.27,"0.800","F","Mature","Rajobenthic","Pectoral Undulation"
"Bathytoshia_brevicaudata","Myliobatiformes","Dasyatidae",111.6,78.9,64.4,15.8,82,30.2,9.8,"#DIV/0!",30.2,29.6,29.9,8.67,44.56,"0.833","M","Juvenile","Rajobenthic","Pectoral Undulation"
"Bathytoshia_lata","Myliobatiformes","Dasyatidae",97.7,39.1,30.8,6.9,41,14,3.1,"#DIV/0!",9,8.6,8.8,1.78,20.55,"0.818","M","Juvenile","Rajobenthic","Pectoral Undulation"
"Bathytoshia_lata","Myliobatiformes","Dasyatidae",91.9,40.4,33,8.1,51,17.5,3.7,"#DIV/0!",11,10.75,10.8888888888889,4.06,32.3,"0.790","F","Juvenile","Rajobenthic","Pectoral Undulation"
"Bathytoshia_lata","Myliobatiformes","Dasyatidae",185.6,77.3,61.8,15.4,86,29.8,6.2,"#DIV/0!",22.8,21.6,22.2,NA,NA,NA,"M","Juvenile","Rajobenthic","Pectoral Undulation"
"Bathytoshia_lata","Myliobatiformes","Dasyatidae",165.6,75.2,61.2,14.8,82,28.5,5.7,"#DIV/0!",19.6,20.8,20.2,3.69,28.57,"0.835","M","Juvenile","Rajobenthic","Pectoral Undulation"
"Bathytoshia_lata","Myliobatiformes","Dasyatidae",127,93,76.8,17.9,102,34,6.5,"#DIV/0!",24.4,25.2,24.8,9.31,48.84,"0.773","F","Juvenile","Rajobenthic","Pectoral Undulation"
"Bathytoshia_lata","Myliobatiformes","Dasyatidae",139,80.5,61.9,13.8,84,29.4,6,"#DIV/0!",22.2,20.4,21.3,8.03,47.03,"0.697","F","Juvenile","Rajobenthic","Pectoral Undulation"
"Bathytoshia_lata","Myliobatiformes","Dasyatidae",182.6,97.4,78.6,20.2,107,36.6,7.8,"#DIV/0!",28.4,26,27.2,15.08,58.54,"0.774","F","Juvenile","Rajobenthic","Pectoral Undulation"
"Bathytoshia_lata","Myliobatiformes","Dasyatidae",240.1,134.1,105.8,24,141,51.6,11.1,"#DIV/0!",41,41.4,41.2,36.36,92.76,"0.751","M","Subadult","Rajobenthic","Pectoral Undulation"
"Benthobatis_marcida","Torpediniformes","Narcinidae",33.5,14.7,14.4,5,23,10.7,2.4,"0.4201081994",6.4,6.6,6.5,0.39,8.17,NA,"F","Mature","Torpedobenthic","Caudal Propulsion"
"Benthobatis_marcida","Torpediniformes","Narcinidae",31.6,13.2,13.1,4.9,23,6.4,2.3,"0.6289548168",9.2,9,9.1,0.146,5.86,NA,"F","Mature","Torpedobenthic","Caudal Propulsion"
"Benthobatis_marcida","Torpediniformes","Narcinidae",27.2,9.4,10.2,3.4,21,6,2,"0.4872747375",5.4,5.8,5.6,0.078,3.75,NA,"F","Subadult","Torpedobenthic","Caudal Propulsion"
"Benthobatis_marcida","Torpediniformes","Narcinidae",43.4,16.1,17.5,7.5,31,8.1,3.2,"#DIV/0!",7.6,7.4,7.5,0.438,8.45,NA,"F","Mature","Torpedobenthic","Caudal Propulsion"
"Benthobatis_marcida","Torpediniformes","Narcinidae",39.1,13.9,15.9,6.4,29,8.5,2.4,"#DIV/0!",5.4,5.2,5.3,0.716,10.54,NA,"F","Mature","Torpedobenthic","Caudal Propulsion"
"Benthobatis_moresbyi","Torpediniformes","Narcinidae",35.8,14.1,15.3,6,28,10.6,1.8,"0.7741748955",10.4,10.4,10.4,0.546,7.97,NA,"F","Mature","Torpedobenthic","Caudal Propulsion"
"Benthobatis_moresbyi","Torpediniformes","Narcinidae",35.7,13.8,15.7,6.5,24,9.8,2,"0.5352272727",8.2,8.4,8.3,0.326,6.34,NA,"M","Mature","Torpedobenthic","Caudal Propulsion"
"Benthobatis_moresbyi","Torpediniformes","Narcinidae",11.7,4.5,4.7,1.3,7,2.5,0.7,"0.3981355786",2.2,2.2,2.2,0.016,1.64,NA,"F","Juvenile","Torpedobenthic","Caudal Propulsion"
"Benthobatis_moresbyi","Torpediniformes","Narcinidae",35.2,12.3,15.1,6.5,29,7.3,1.7,"0.434561",7,6.4,6.7,0.73,16.57,NA,"M","Mature","Torpedobenthic","Caudal Propulsion"
"Benthobatis_moresbyi","Torpediniformes","Narcinidae",42.2,16.4,22.3,6.9,35,8.8,2.1,"0.294839",10.4,10.6,10.5,1.45,16.14,"0.920","F","Mature","Torpedobenthic","Caudal Propulsion"
"Beringraja_binoculata","Rajiformes","Rajidae",43.1,34.9,23.3,6.7,24,15.1,3.9,"#VALUE!",6.8,6.4,6.6,0.91,16.72,"0.722","F","Juvenile","Rajobenthic","Pectoral Undulation"
"Beringraja_binoculata","Rajiformes","Rajidae",49.5,38.9,28.3,8.2,32,18.2,4.5,"#VALUE!",7.8,7.2,7.5,0.29,9.19,"0.681","F","Juvenile","Rajobenthic","Pectoral Undulation"
"Beringraja_binoculata","Rajiformes","Rajidae",33.3,25.1,19.1,5.5,17,12.4,3.1,"#VALUE!",4.4,4.6,4.5,0.19,5.93,"0.726","M","Juvenile","Rajobenthic","Pectoral Undulation"
"Beringraja_binoculata","Rajiformes","Rajidae",65.4,49.2,40.8,14,43,24.6,5.8,"#VALUE!",12.6,11.6,12.1,1.14,18.73,"0.673","F","Subadult","Rajobenthic","Pectoral Undulation"
"Beringraja_binoculata","Rajiformes","Rajidae",85.2,67.5,48.4,15.2,58,31.4,7.6,"#VALUE!",17,17.8,17.4,1.55,21.13,"0.737","F","Subadult","Rajobenthic","Pectoral Undulation"
"Beringraja_binoculata","Rajiformes","Rajidae",91.99,67.5,48.54,16.5,70,36.3,8.5,NA,19,20.3333333333333,19.5,3.92,30.72,NA,"M","Subadult","Rajobenthic","Pectoral Undulation"
"Beringraja_pulchra","Rajiformes","Rajidae",95.23,67.5,52.6,16.5,65,34.4,9.4,NA,15.4,16,15.5,1.67,15.4,NA,"M","Mature","Rajobenthic","Pectoral Undulation"
"Brevitrygon_heterura","Myliobatiformes","Dasyatidae",40.1,15.1,15.7,4.3,19,6.5,1.8,"#DIV/0!",5.8,5.8,5.8,0.304,10.71,NA,"M","Mature","Rajobenthic","Pectoral Undulation"
"Brevitrygon_heterura","Myliobatiformes","Dasyatidae",38.2,15.1,15.7,4.7,17,7.6,1.6,"#DIV/0!",4.6,4.8,4.7,0.412,9.73,NA,"M","Mature","Rajobenthic","Pectoral Undulation"
"Brevitrygon_imbricata","Myliobatiformes","Dasyatidae",49.5,17.7,18.5,5.9,20,8.7,2.2,"#DIV/0!",6,6,6,0.236,8.31,NA,"F","Subadult","Rajobenthic","Pectoral Undulation"
"Brevitrygon_manjajiae","Myliobatiformes","Dasyatidae",21.8,8.3,8.4,2.6,9,3.6,0.8,"#DIV/0!",2,2,2,0.148,5.81,NA,"F","Juvenile","Rajobenthic","Pectoral Undulation"
"Caliraja_rhina","Rajiformes","Rajidae",37.1,25.6,20.1,6.3,18,12.8,3.4,"#VALUE!",7.2,6.6,6.9,0.37,9.64,"0.738","M","Juvenile","Rajobenthic","Pectoral Undulation"
"Caliraja_rhina","Rajiformes","Rajidae",40.2,22.5,19.8,5.5,17,23.4,2.7,"#VALUE!",5.6,6,5.8,0.15,6.84,"0.787","M","Juvenile","Rajobenthic","Pectoral Undulation"
"Caliraja_rhina","Rajiformes","Rajidae",60.5,42.6,35.1,10.4,33,23.1,5.7,"#VALUE!",9.2,8.6,8.9,1.31,17.28,"0.633","M","Subadult","Rajobenthic","Pectoral Undulation"
"Caliraja_rhina","Rajiformes","Rajidae",52.8,43.8,35.3,10.9,40,21.6,5.8,"#VALUE!",10.2,9.6,9.9,0.84,15.46,"0.665","F","Juvenile","Rajobenthic","Pectoral Undulation"
"Caliraja_rhina","Rajiformes","Rajidae",55.8,39.5,30.9,10.2,31,20.2,4.3,"#VALUE!",8.2,8.4,8.3,0.67,15.86,"0.682","F","Juvenile","Rajobenthic","Pectoral Undulation"
"Caliraja_rhina","Rajiformes","Rajidae",32.2,22.2,17.6,5.7,16,11.9,2.7,"#VALUE!",4.4,4.4,4.4,0.28,7.93,"0.708","M","Juvenile","Rajobenthic","Pectoral Undulation"
"Caliraja_rhina","Rajiformes","Rajidae",62.3,46.2,38,12.1,38,24.1,5.7,"#VALUE!",11.4,10.6,11,0.83,13.61,"0.713","F","Juvenile","Rajobenthic","Pectoral Undulation"
"Caliraja_rhina","Rajiformes","Rajidae",96.1,67,51.82,17.8,86,33.5,9.9,NA,22.4,25.4,23.9,5.34,36.43,NA,"M","Mature","Rajobenthic","Pectoral Undulation"
"Caliraja_stellulata","Rajiformes","Rajidae",54.9,38.9,31,9.1,26,17.4,3.9,"#VALUE!",10.4,10,10.2,0.61,15.73,"blank tiff","F","Juvenile","Rajobenthic","Pectoral Undulation"
"Cruriraja_hulleyi","Rajiformes","Gurgesiellidae",48.3,30,22.2,4.4,17,12.9,3,"#DIV/0!",7.8,7.8,7.8,0.6,13.69,"0.751","F","Mature","Rajobenthic","Pectoral Undulation"
"Cruriraja_hulleyi","Rajiformes","Gurgesiellidae",52.4,30.6,23.6,4.6,6,13.7,3.4,"#DIV/0!",6.4,6.6,6.5,1.07,16.17,"0.704","M","Mature","Rajobenthic","Pectoral Undulation"
"Cruriraja_hulleyi","Rajiformes","Gurgesiellidae",36,22.3,16.4,3.5,10,9.6,2,"#DIV/0!",5.2,5,5.1,0.6,10.2,"0.661","M","Juvenile","Rajobenthic","Pectoral Undulation"
"Cruriraja_hulleyi","Rajiformes","Gurgesiellidae",55.2,31.8,25.2,5.1,9,15.8,2.9,"#DIV/0!",8.6,7.8,8.2,0.94,15.92,"0.743","F","Mature","Rajobenthic","Pectoral Undulation"
"Cruriraja_hulleyi","Rajiformes","Gurgesiellidae",48.9,34,24.1,4.7,13,14.5,3.3,"#DIV/0!",10.2,10.6,10.4,0.56,14.69,"0.739","F","Mature","Rajobenthic","Pectoral Undulation"
"Cruriraja_hulleyi","Rajiformes","Gurgesiellidae",49.6,28.4,21.6,4,10,14.5,2.9,"#DIV/0!",6.4,7,6.7,0.47,12.18,"0.682","F","Mature","Rajobenthic","Pectoral Undulation"
"Cruriraja_hulleyi","Rajiformes","Gurgesiellidae",41.2,25.4,18.2,3.8,11,11.7,2.4,"#DIV/0!",6.2,6.2,6.2,0.45,10.86,"0.722","F","Juvenile","Rajobenthic","Pectoral Undulation"
"Cruriraja_hulleyi","Rajiformes","Gurgesiellidae",47.3,28.2,22.3,4.7,12,13.2,3.2,"#DIV/0!",6.6,6.4,6.5,1.9,20.12,"0.628","M","Mature","Rajobenthic","Pectoral Undulation"
"Cruriraja_hulleyi","Rajiformes","Gurgesiellidae",42.2,25.4,18.2,3.4,12,10.6,2.6,"#DIV/0!",6.6,6.4,6.5,0.32,9.42,"0.708","M","Juvenile","Rajobenthic","Pectoral Undulation"
"Cruriraja_hulleyi","Rajiformes","Gurgesiellidae",51.2,29.4,22.8,5.1,17,13.7,2.9,"#DIV/0!",8.2,7.8,8,0.59,13.66,"0.642","M","Mature","Rajobenthic","Pectoral Undulation"
"Cruriraja_parcomaculata","Rajiformes","Gurgesiellidae",30.1,16.2,12.6,4,7,8.2,1.6,"#DIV/0!",2,2,2,0.19,7.32,"0.729","M","Juvenile","Rajobenthic","Pectoral Undulation"
"Dasyatis_chrysonota","Myliobatiformes","Dasyatidae",95.5,55.4,47.2,10.5,53,20.9,NA,"#DIV/0!",19.2,18.8,19,6.4,35.65,"0.828","F","Mature","Rajobenthic","Pectoral Undulation"
"Dasyatis_chrysonota","Myliobatiformes","Dasyatidae",82.5,44.4,37.5,9.3,82,15.9,4.5,"#DIV/0!",14.8,14.4,14.6,4.76,29.86,"0.828","M","Mature","Rajobenthic","Pectoral Undulation"
"Dasyatis_chrysonota","Myliobatiformes","Dasyatidae",41.6,22.6,18.2,14.5,35,7.4,1.9,"#DIV/0!",4.6,5.25,4.88888888888889,0.2,6.43,"0.837","F","Juvenile","Rajobenthic","Pectoral Undulation"
"Dasyatis_chrysonota","Myliobatiformes","Dasyatidae",49.5,27.5,23.6,4.8,30,8.5,2.8,"#DIV/0!",8,7.8,7.9,1.24,19.59,"0.783","F","Juvenile","Rajobenthic","Pectoral Undulation"
"Dasyatis_chrysonota","Myliobatiformes","Dasyatidae",36.5,18.3,16.4,3.8,23,7.1,1.7,"#DIV/0!",4.2,4.2,4.2,0.54,10.21,"0.843","M","Juvenile","Rajobenthic","Pectoral Undulation"
"Dasyatis_chrysonota","Myliobatiformes","Dasyatidae",51.4,27.7,22.3,5.2,35,10.3,2.5,"#DIV/0!",7.2,7.6,7.4,0.96,16.23,"0.825","F","Juvenile","Rajobenthic","Pectoral Undulation"
"Dasyatis_chrysonota","Myliobatiformes","Dasyatidae",32.3,16.8,13.9,3.1,23,6.4,1.7,"#DIV/0!",4.2,5,4.6,0.25,9.45,"0.847","F","Juvenile","Rajobenthic","Pectoral Undulation"
"Dasyatis_chrysonota","Myliobatiformes","Dasyatidae",31,14.6,13.6,2.6,19,5.4,1.2,"#DIV/0!",3.3,3,3.15,0.81,13.71,"0.848","F","Juvenile","Rajobenthic","Pectoral Undulation"
"Dasyatis_pastinaca","Myliobatiformes","Dasyatidae",116.7,69.3,60.6,9,92,26.6,6.5,"#DIV/0!",17.4,20.8,19.1,3.926,31.33,NA,"F","Mature","Rajobenthic","Pectoral Undulation"
"Dasyatis_pastinaca","Myliobatiformes","Dasyatidae",95.7,61.6,53.5,10.7,63,20.6,5.2,"#DIV/0!",16.2,18.4,17.3,NA,NA,"0.826","F","Mature","Rajobenthic","Pectoral Undulation"
"Dasyatis_pastinaca","Myliobatiformes","Dasyatidae",98.1,72.4,58,10.9,52,21.1,6.1,"#DIV/0!",21.2,22.2,21.7,9.783,48.18,NA,"F","Mature","Rajobenthic","Pectoral Undulation"
"Dasyatis_pastinaca","Myliobatiformes","Dasyatidae",108.2,70,57.7,9.2,59,23.1,6.5,"#DIV/0!",23.4,22,22.7,4.834,31.21,NA,"F","Mature","Rajobenthic","Pectoral Undulation"
"Dasyatis_pastinaca","Myliobatiformes","Dasyatidae",115,81.1,62.5,11.3,62,27.6,8,"#DIV/0!",23,23.8,23.4444444444444,9.892,49.83,NA,"F","Mature","Rajobenthic","Pectoral Undulation"
"Diplobatis_picta","Torpediniformes","Narcinidae",11,4.9,4.6,1.3,5,2.6,0.5,"1.15",0.96,1,0.98,0.03,3.06,"0.847","M","Mature","Torpedobenthic","Caudal Propulsion"
"Dipturus_batis","Rajiformes","Rajidae",116.3,83.4,61.1,18.9,75,39.2,11.1,"#DIV/0!",16,15.2,15.6,4.702,3.275,NA,"M","Mature","Rajobenthic","Pectoral Undulation"
"Dipturus_batis","Rajiformes","Rajidae",118.6,87.6,64.3,20,55,41.7,11.4,"#DIV/0!",19,19.2,19.1,2.717,29.05,"0.734","M","Subadult","Rajobenthic","Pectoral Undulation"
"Dipturus_intermedius","Rajiformes","Rajidae",59.3,43.3,32.3,10.2,28,20.2,5.5,"#DIV/0!",8,8.2,8.1,0.323,0.907,NA,"M","Juvenile","Rajobenthic","Pectoral Undulation"
"Dipturus_nidarosiensis","Rajiformes","Rajidae",117,88,73.6,26,66,48.2,10,"#DIV/0!",18.2,18.8,18.5,1.727,21.87,NA,"M","Juvenile","Rajobenthic","Pectoral Undulation"
"Dipturus_nidarosiensis","Rajiformes","Rajidae",176.4,125.8,101.2,34.6,84,61.8,15,"#DIV/0!",33,31.8,32.4,3.036,38.46,"0.658","F","Mature","Rajobenthic","Pectoral Undulation"
"Dipturus_nidarosiensis","Rajiformes","Rajidae",180.2,119.7,100.6,36.4,95,62.8,14,"#DIV/0!",28.4,29.2,28.8,11.149,58.04,NA,"F","Mature","Rajobenthic","Pectoral Undulation"
"Dipturus_nidarosiensis","Rajiformes","Rajidae",141,111.1,89.5,31.4,75,54.6,12,"#DIV/0!",21.2,22.8,22,1.923,19.81,NA,"M","Mature","Rajobenthic","Pectoral Undulation"
"Dipturus_pullopunctatus","Rajiformes","Rajidae",55.5,41.2,31.6,9.1,26,15.8,5.4,"#DIV/0!",10.2,10,10.1,0.99,16.07,"0.734","F","Juvenile","Rajobenthic","Pectoral Undulation"
"Dipturus_pullopunctatus","Rajiformes","Rajidae",48.5,37.1,28.6,7.9,20,15.6,4.7,"#DIV/0!",10.2,10.2,10.2,0.9,14.99,"0.762","F","Juvenile","Rajobenthic","Pectoral Undulation"
"Dipturus_pullopunctatus","Rajiformes","Rajidae",37.6,28.6,21.2,6.2,18,11.8,3.5,"#DIV/0!",6.6,6.6,6.6,NA,NA,NA,"M","Juvenile","Rajobenthic","Pectoral Undulation"
"Dipturus_pullopunctatus","Rajiformes","Rajidae",38.6,28,21.5,6,18,11.2,3.3,"#DIV/0!",7.4,6.8,7.1,0.48,10.54,"0.721","F","Juvenile","Rajobenthic","Pectoral Undulation"
"Dipturus_springeri","Rajiformes","Rajidae",93.8,80.4,57.4,20.4,42,37.2,7.5,"#DIV/0!",12.6,12,12.3,1.53,22.46,"0.659","F","Juvenile","Rajobenthic","Pectoral Undulation"
"Dipturus_trachydermus","Rajiformes","Rajidae",173,134.5,96.2,32.4,9.2,61.1,15.4,"#DIV/0!",31.4,32.4,31.9,9.816,45.65,NA,"M","Mature","Rajobenthic","Pectoral Undulation"
"Dipturus_trachydermus","Rajiformes","Rajidae",148.6,108.5,87.2,30.1,74,53.9,13.6,"#DIV/0!",24.8,24.8,24.8,9.026,41.36,"0.656","M","Subadult","Rajobenthic","Pectoral Undulation"
"Discopyge_tschudii","Torpediniformes","Narcinidae",29.1,13.6,12.3,3.2,18,7.8,1.6,"1.069118875",5,6.8,5.9,0.153,4.98,"0.932","F","Mature ","Torpedobenthic","Caudal Propulsion"
"Discopyge_tschudii","Torpediniformes","Narcinidae",34.7,19.6,16.4,3.7,19,8,2.3,"0.7314143925",8.2,8.8,8.5,0.163,6.34,"0.941","M","Mature","Torpedobenthic","Caudal Propulsion"
"Discopyge_tschudii","Torpediniformes","Narcinidae",22.8,12.2,11.9,2.6,17,5.9,1.6,"1.141406258",5.8,6,5.9,0.067,4.12,"0.924","F","Subadult","Torpedobenthic","Caudal Propulsion"
"Discopyge_tschudii","Torpediniformes","Narcinidae",34.6,18.9,18.4,4.9,26,9.9,2.3,"0.9289718883",7.8,7.8,7.8,0.383,8.45,"0.865","M","Mature","Torpedobenthic","Caudal Propulsion"
"Discopyge_tschudii","Torpediniformes","Narcinidae",29.6,16.1,14.6,4,18,7.4,1.9,"0.8067391977",7.2,7,7.1,0.306,6.25,"0.937","M","Mature","Torpedobenthic","Caudal Propulsion"
"Discopyge_tschudii","Torpediniformes","Narcinidae",41.1,22.5,19.4,4.9,28,10.6,3.5,"1.49685005",8,7.2,7.6,0.342,7.34,NA,"M","Mature","Torpedobenthic","Caudal Propulsion"
"Electrolux_addisoni","Torpediniformes","Narkidae",49.9,29.9,25.3,3.8,17,12.2,1.6,"0.933163",7.8,8.2,8,2.23,19.68,"0.857","M","Mature","Torpedobenthic","Caudal Propulsion"
"Fluvitrygon_signifer","Myliobatiformes","Dasyatidae",147,38.9,39.5,9.3,44,17.3,3.6,"#DIV/0!",13.6,14,13.8,2.244,2.812,NA,"F","Mature","Rajobenthic","Pectoral Undulation"
"Fontitrygon_garouaensis","Myliobatiformes","Dasyatidae",63.6,20,21.8,6.5,22,8,1.5,"#DIV/0!",5.8,5.8,5.8,0.249,9.5,NA,"F","Juvenile","Rajobenthic","Pectoral Undulation"
"Fontitrygon_margarita","Myliobatiformes","Dasyatidae",64.7,19.6,20.6,5.2,25,9.3,1.7,"#DIV/0!",5.2,5,5.1,0.31,10.36,"0.807","F","Juvenile","Rajobenthic","Pectoral Undulation"
"Fontitrygon_margarita","Myliobatiformes","Dasyatidae",74.7,26.1,26.2,6.4,28,11.6,2.1,"#DIV/0!",7.2,8,7.6,0.513,11.24,"0.832","F","Juvenile","Rajobenthic","Pectoral Undulation"
"Fontitrygon_margarita","Myliobatiformes","Dasyatidae",49.4,22.3,22.1,5.7,31,10.1,2.6,"#DIV/0!",9.2,9.6,9.4,0.353,10.1,NA,"M","Mature","Rajobenthic","Pectoral Undulation"
"Fontitrygon_margarita","Myliobatiformes","Dasyatidae",60,19.5,19.7,5.3,22,10.2,1.9,"#DIV/0!",6.6,6.6,6.6,0.231,8.44,NA,"M","Subadult","Rajobenthic","Pectoral Undulation"
"Fontitrygon_margarita","Myliobatiformes","Dasyatidae",52,22.8,25.5,6.1,30,12.5,2.5,"#DIV/0!",6,6,6,0.387,12.89,NA,"F","Juvenile","Rajobenthic","Pectoral Undulation"
"Glaucostegus_cemiculus","Rhinopristiformes","Glaucostegidae",56.5,19.5,22.6,9.4,26,16.8,4.5,"1.023313962",8.6,8.2,8.4,0.536,11.5,NA,"F","Juvenile","Rhinobenthic","Caudal Propulsion"
"Glaucostegus_cemiculus","Rhinopristiformes","Glaucostegidae",54.1,19.2,22.6,9.2,27,16.9,3.2,"0.5294171953",6.8,8.2,7.5,0.49,11.56,NA,"F","Juvenile","Rhinobenthic","Caudal Propulsion"
"Glaucostegus_cemiculus","Rhinopristiformes","Glaucostegidae",89.4,30.8,36.8,14.8,42,25.6,6.2,"0.6964969953",11.8,12.8,12.3,1.151,14.66,NA,"F","Juvenile","Rhinobenthic","Caudal Propulsion"
"Glaucostegus_cemiculus","Rhinopristiformes","Glaucostegidae",94.5,32,37.1,14.5,44,26.5,6.4,"0.7911525974",13.8,12.8,13.3,1.175,15.33,NA,"F","Juvenile","Rhinobenthic","Caudal Propulsion"
"Glaucostegus_cemiculus","Rhinopristiformes","Glaucostegidae",47,16.6,20.4,7.8,22,14.5,3.6,"0.6480801297",6.6,6.8,6.7,0.424,9.26,NA,"M","Juvenile","Rhinobenthic","Caudal Propulsion"
"Glaucostegus_cemiculus","Rhinopristiformes","Glaucostegidae",156.8,53.4,59.2,23.3,72,41.4,10.7,"0.9583514437",26,25,25.5,4.21,25.26,NA,"F","Mature","Rhinobenthic","Caudal Propulsion"
"Glaucostegus_cemiculus","Rhinopristiformes","Glaucostegidae",131.3,44.4,50.7,19.9,57,36.8,8.9,"#DIV/0!",18.4,19.2,18.8,2.633,20.54,NA,"M","Juvenile","Rhinobenthic","Caudal Propulsion"
"Glaucostegus_granulatus","Rhinopristiformes","Glaucostegidae",134.3,42.1,53.2,23.2,71,40,9.2,"1.039275159",18.8,17,17.9,3.351,25.02,NA,"M","Mature","Rhinobenthic","Caudal Propulsion"
"Glaucostegus_thouin","Rhinopristiformes","Glaucostegidae",96.6,29,40.27,18.8,63,29,6.4,"0.59",15.6,15.6,15.6,1.55,17.04,NA,"F","Juvenile","Rhinobenthic","Caudal Propulsion"
"Glaucostegus_thouin","Rhinopristiformes","Glaucostegidae",86.93,26.4,37.56,17.5,57,27,5.8,"0.69",13.2,13.2,13.2,1.19,14.47,NA,"F","Juvenile","Rhinobenthic","Caudal Propulsion"
"Glaucostegus_thouin","Rhinopristiformes","Glaucostegidae",118.66,36,51.52,21.8,73,35,7.3,"0.66",20,20.4,20.2,3.38,20.65,NA,"M","Juvenile","Rhinobenthic","Caudal Propulsion"
"Glaucostegus_thouin","Rhinopristiformes","Glaucostegidae",116.91,36.5,52.62,25,77,37.5,8.2,"1.17",19.2,19.4,19.3,2.65,21.89,NA,"F","Juvenile","Rhinobenthic","Caudal Propulsion"
"Glaucostegus_thouin","Rhinopristiformes","Glaucostegidae",108.79,32.2,45.8,20.8,72,33.7,7,"0.44",16,15.6,15.8,1.89,19.08,NA,"F","Juvenile","Rhinobenthic","Caudal Propulsion"
"Glaucostegus_thouin","Rhinopristiformes","Glaucostegidae",134.04,36.4,53.88,24,75,35.5,7.8,"0.52",18,17.8,17.9,2.35,25.06,NA,"F","Juvenile","Rhinobenthic","Caudal Propulsion"
"Glaucostegus_thouin","Rhinopristiformes","Glaucostegidae",101.28,29.7,45.26,20.2,63,30.8,6.7,"0.56",15.2,14.6,14.9,1.6,17.48,NA,"F","Juvenile","Rhinobenthic","Caudal Propulsion"
"Glaucostegus_thouin","Rhinopristiformes","Glaucostegidae",89.8,25.7,38.48,17,54,25.7,5.7,"0.65",13.2,13.6,13.4,1.38,16.87,NA,"M","Juvenile","Rhinobenthic","Caudal Propulsion"
"Gymnura_marmorata","Myliobatiformes","Gymnuridae",16.6,23.5,14.2,2.5,21,8.2,2.8,"#VALUE!",4.4,4.4,4.4,0.2,7.48,"0.702","M","Juvenile","Rajobenthic","Pectoral Undulation"
"Gymnura_marmorata","Myliobatiformes","Gymnuridae",69.23,102.9,55.8,10.6,110,32.3,9.2,NA,22,21.6,21.8,2.98,27.82,NA,"F","Mature","Rajobenthic","Pectoral Undulation"
"Gymnura_natalensis","Myliobatiformes","Gymnuridae",63.2,95.8,45.6,8.1,78,29.2,9,"#DIV/0!",19,18.8,18.9,5.44,34.66,"0.707","F","Juvenile","Rajobenthic","Pectoral Undulation"
"Gymnura_natalensis","Myliobatiformes","Gymnuridae",42.7,65.6,32.5,5.7,52,21.8,5.7,"#DIV/0!",14,12.8,13.4,1.91,25.95,"0.672","F","Juvenile","Rajobenthic","Pectoral Undulation"
"Gymnura_natalensis","Myliobatiformes","Gymnuridae",21.9,27.8,15.3,3,28,11,3.3,"#DIV/0!",6.5,6.2,6.35,1.68,18.44,"0.762","F","Juvenile","Rajobenthic","Pectoral Undulation"
"Gymnura_natalensis","Myliobatiformes","Gymnuridae",69.2,126.4,62.7,11.7,99,39.3,10.9,"#DIV/0!",27.6,26.6,27.1,8.94,60.89,"0.695","M","Mature","Rajobenthic","Pectoral Undulation"
"Gymnura_natalensis","Myliobatiformes","Gymnuridae",104.8,156.2,77.7,12.2,142,51.8,13.9,"#DIV/0!",30,30.3333333333333,30.1428571428571,10.28,56.17,"0.710","F","Mature","Rajobenthic","Pectoral Undulation"
"Gymnura_poecilura","Myliobatiformes","Gymnuridae",49,50.7,28.53,5.5,57,18.1,4.8,NA,11.2,12.2,11.7,0.68,13.97,NA,"F","Mature","Rajobenthic","Pectoral Undulation"
"Gymnura_poecilura","Myliobatiformes","Gymnuridae",48.58,55.9,29.86,5.5,55,16.2,5.2,NA,13.6,12.8,13.2,1.04,18.53,NA,"M","Mature","Rajobenthic","Pectoral Undulation"
"Gymnura_poecilura","Myliobatiformes","Gymnuridae",47.22,56,31.17,6.3,71,20.5,5.2,NA,13,12.8,12.9,1.59,23.11,NA,"M","Mature","Rajobenthic","Pectoral Undulation"
"Gymnura_poecilura","Myliobatiformes","Gymnuridae",21.53,28,14.44,2.9,35,9.6,2.6,NA,4.2,5.4,4.8,0.37,9.11,NA,"F","Juvenile","Rajobenthic","Pectoral Undulation"
"Gymnura_poecilura","Myliobatiformes","Gymnuridae",22.42,29.6,15.34,2.8,35,9.3,2.6,NA,4,5.2,4.6,0.25,7.31,NA,"F","Juvenile","Rajobenthic","Pectoral Undulation"
"Gymnura_poecilura","Myliobatiformes","Gymnuridae",28.94,41.2,22.85,4,46,13.6,3.5,NA,9.4,10.2,9.8,0.74,15.72,NA,"M","Mature","Rajobenthic","Pectoral Undulation"
"Gymnura_poecilura","Myliobatiformes","Gymnuridae",58.22,69.1,35.46,6.2,85,19.7,6.5,NA,16.6,16.2,16.4,2.32,29.39,NA,"F","Mature","Rajobenthic","Pectoral Undulation"
"Gymnura_poecilura","Myliobatiformes","Gymnuridae",63.51,69.4,35.96,6.2,80,19.7,6,NA,16.2,15.8,16,1.55,29.4,NA,"F","Mature","Rajobenthic","Pectoral Undulation"
"Gymnura_poecilura","Myliobatiformes","Gymnuridae",14.17,17.7,8.46,1.8,19,5.4,1.8,NA,3.8,3.5,3.65,0.15,7.07,NA,"F","Juvenile","Rajobenthic","Pectoral Undulation"
"Gymnura_poecilura","Myliobatiformes","Gymnuridae",14.56,20.5,9.46,2.2,27,5.9,2.3,NA,3.8,3.7,3.75,0.23,7.94,NA,"M","Juvenile","Rajobenthic","Pectoral Undulation"
"Gymnura_poecilura","Myliobatiformes","Gymnuridae",20.19,25.5,12.88,2.2,31,8.3,2.1,NA,5.4,5,5.2,0.35,11.49,NA,"F","Juvenile","Rajobenthic","Pectoral Undulation"
"Gymnura_poecilura","Myliobatiformes","Gymnuridae",36.1,38.6,20.1,4,37,9.7,3.8,"#DIV/0!",8.2,8.2,8.2,0.347,11.26,"0.691","M","Mature","Rajobenthic","Pectoral Undulation"
"Gymnura_poecilura","Myliobatiformes","Gymnuridae",49.9,75.5,40.3,6.8,66,23.1,6.9,"#DIV/0!",13.4,13.8,13.6,1.586,23.91,NA,"F","Mature","Rajobenthic","Pectoral Undulation"
"Gymnura_tentaculata","Myliobatiformes","Gymnuridae",26.8,34.7,18.4,3.2,32,8.4,3.2,"#DIV/0!",7.8,7.6,7.7,0.923,17.01,NA,"M","Subadult","Rajobenthic","Pectoral Undulation"
"Gymnura_tentaculata","Myliobatiformes","Gymnuridae",25.5,33.3,18.5,3.1,28,10.7,3.8,"#DIV/0!",7.4,7.8,7.6,0.243,11.11,NA,"M","Subadult","Rajobenthic","Pectoral Undulation"
"Gymnura_tentaculata","Myliobatiformes","Gymnuridae",35.8,42.6,24.2,3.7,37,13.5,3.9,"#DIV/0!",11.2,10.8,11,0.835,16.67,NA,"M","Mature","Rajobenthic","Pectoral Undulation"
"Gymnura_tentaculata","Myliobatiformes","Gymnuridae",23.8,31.6,17.9,2.7,27,9.6,3,"#DIV/0!",6.8,7.6,7.2,0.244,13.1,NA,"F","Juvenile","Rajobenthic","Pectoral Undulation"
"Gymnura_tentaculata","Myliobatiformes","Gymnuridae",28.7,34.2,19.3,3.1,29,9.7,3.3,"#DIV/0!",7.4,7.4,7.4,0.473,12.7,NA,"F","Juvenile","Rajobenthic","Pectoral Undulation"
"Gymnura_zonura","Myliobatiformes","Gymnuridae",69.96,87.1,47.48,7.5,90,27.7,8,NA,21.2,20.4,20.8,3.86,37.12,NA,"F","Mature","Rajobenthic","Pectoral Undulation"
"Gymnura_zonura","Myliobatiformes","Gymnuridae",55.46,67.8,35.92,6.4,70,20.5,5.8,NA,13.8,13.8,13.8,1.36,21.42,NA,"M","Mature","Rajobenthic","Pectoral Undulation"
"Gymnura_zonura","Myliobatiformes","Gymnuridae",55.6,64.5,32.7,5.5,48,16.4,5.5,"#DIV/0!",14.8,13.2,14,0.947,18.1,NA,"M","Mature","Rajobenthic","Pectoral Undulation"
"Gymnura_zonura","Myliobatiformes","Gymnuridae",52.5,67,33.4,5.9,51,16,5.5,"#DIV/0!",14.8,15.2,15,0.883,18.17,NA,"F","Mature","Rajobenthic","Pectoral Undulation"
"Gymnura_zonura","Myliobatiformes","Gymnuridae",39.7,52,25.2,4.2,44,13.3,5.3,"#DIV/0!",11.4,11.4,11.4,0.354,10.73,NA,"M","Mature","Rajobenthic","Pectoral Undulation"
"Hemitrygon_laosensis","Myliobatiformes","Dasyatidae",70.1,24.2,22.9,5.8,30,9.2,2.8,"#DIV/0!",7,6.8,6.9,0.693,1.475,NA,"M","Juvenile","Rajobenthic","Pectoral Undulation"
"Hemitrygon_laosensis","Myliobatiformes","Dasyatidae",89.6,34.4,31.2,7,40,13.2,4,"#DIV/0!",11,10.6,10.8,1.046,1.704,NA,"M","Mature","Rajobenthic","Pectoral Undulation"
"Heteronarce_garmani","Torpediniformes","Narkidae",29.3,14.5,13.4,3.3,17,8,1.6,"1.190207",5.6,5.8,5.7,0.55,11.11,"0.957","M","Mature","Torpedobenthic","Caudal Propulsion"
"Heteronarce_garmani","Torpediniformes","Narkidae",30,16,15,3.2,18,9,1.8,"0.965830",5.4,5.8,5.6,0.83,11.42,"0.899","M","Mature","Torpedobenthic","Caudal Propulsion"
"Hexatrygon_bickelli","Myliobatiformes","Hexatrygonidae",168.9,94.5,115.3,43.7,172,64.6,18.9,"#DIV/0!",33.2,31.6,32.4,21.263,62.3,NA,"F","Mature","Rajobenthic","Pectoral Undulation"
"Hexatrygon_bickelli","Myliobatiformes","Hexatrygonidae",127.2,76.2,92.4,37,121,55.3,15,"#DIV/0!",28.6,26,27.3,14.003,51.18,NA,"M","Mature","Rajobenthic","Pectoral Undulation"
"Hexatrygon_bickelli","Myliobatiformes","Hexatrygonidae",99.3,50.6,60.2,23.1,80,35.7,9.5,"#DIV/0!",16.3333333333333,NA,16.3333333333333,11.28,53.91,"0.769","F","Juvenile","Rajobenthic","Pectoral Undulation"
"Himantura_leoparda","Myliobatiformes","Dasyatidae",157.64,58.3,45.67,11.7,108,21.9,4.7,NA,17.8,17.8,17.8,1.77,31.62,NA,"F","Juvenile","Rajobenthic","Pectoral Undulation"
"Himantura_leoparda","Myliobatiformes","Dasyatidae",79.7,42.9,39.73,9.5,85,19.2,3.8,NA,12.6,13.6,13.1,2.22,29.03,NA,"M","Juvenile","Rajobenthic","Pectoral Undulation"
"Himantura_leoparda","Myliobatiformes","Dasyatidae",182.81,53,45.75,11.7,95,20,4.2,NA,13,14.2,13.6,2.84,37.71,NA,"F","Juvenile","Rajobenthic","Pectoral Undulation"
"Himantura_leoparda","Myliobatiformes","Dasyatidae",79.8,34.2,32.6,7,44,14.6,3.2,"#DIV/0!",10,9.8,9.9,2.14,29.24,"0.816","M","Juvenile","Rajobenthic","Pectoral Undulation"
"Himantura_uarnak","Myliobatiformes","Dasyatidae",235.2,129.2,114.2,23,110,59.2,9.5,"#DIV/0!",32.4,34,33.2,9.904,53.8,NA,"F","Mature","Rajobenthic","Pectoral Undulation"
"Himantura_uarnak","Myliobatiformes","Dasyatidae",91.9,25.6,24.6,5.8,41,10,2.8,"#DIV/0!",7,7.6,7.3,0.287,9.27,NA,"M","Juvenile","Rajobenthic","Pectoral Undulation"
"Himantura_uarnak","Myliobatiformes","Dasyatidae",112.9,37.1,32.5,7.5,45,12.6,3.8,"#DIV/0!",9.6,9.8,9.7,1.598,21.22,NA,"M","Juvenile","Rajobenthic","Pectoral Undulation"
"Himantura_uarnak","Myliobatiformes","Dasyatidae",137.9,41.4,38.8,9.4,5.1,15.6,3.2,"#DIV/0!",10.2,10.8,10.5,2.71,26.84,"0.780","M","Juvenile","Rajobenthic","Pectoral Undulation"
"Hypanus_say","Myliobatiformes","Dasyatidae",38.4,16.2,14.9,2.6,20,6.3,1.3,"#VALUE!",4,4.2,4.1,0.55,12.23,"0.764","M","Juvenile","Rajobenthic","Pectoral Undulation"
"Hypnos_monopterygius","Torpediniformes","Narcinidae",35.6,23.8,25.7,4.1,16,8.3,4.5,"1.143772251",9.8,10.4,10.1,0.403,7.79,NA,"F","Juvenile","Torpedobenthic","Caudal Propulsion"
"Indobatis_ori","Rajiformes","Anacanthobatidae",23.5,11.6,11.3,4.5,8,6.3,1,"#DIV/0!",0.9,0.8,0.85,0.013,1.6,"0.87","F","Unk","Rajobenthic","Pectoral Undulation"
"Indobatis_ori","Rajiformes","Anacanthobatidae",38,19.9,21.9,8.6,15,12.3,1.8,"#DIV/0!",2.8,2.8,2.8,0.069,3.32,"0.9","F","Unk","Rajobenthic","Pectoral Undulation"
"Indobatis_ori","Rajiformes","Anacanthobatidae",42.6,22.4,23.4,8.7,15,13.3,2.1,"#DIV/0!",3.2,3.2,3.2,0.156,5.03,"0.752","M","Mature","Rajobenthic","Pectoral Undulation"
"Leucoraja_elaineae","Rajiformes","Rajidae",28.82,17.5,13.99,3.5,15,8.8,2.5,NA,5.6,5.8,5.7,0.4,9.51,NA,"F","Unknown","Rajobenthic","Pectoral Undulation"
"Leucoraja_elaineae","Rajiformes","Rajidae",58.7,34.9,29.6,7.4,20,16.9,5,"#DIV/0!",11,10.6,10.8,1.67,19.77,"0.683","F","Unknown","Rajobenthic","Pectoral Undulation"
"Leucoraja_erinacea","Rajiformes","Rajidae",49.2,30.6,24,5.2,27,14.5,3.9,"#VALUE!",8.8,9,8.9,0.48,12.09,"0.742","M","Mature","Rajobenthic","Pectoral Undulation"
"Leucoraja_erinacea","Rajiformes","Rajidae",45.5,28.3,22.4,4.6,20,13,4.2,"#DIV/0!",10.4,10.8,10.6,0.581,11.78,NA,"M","Mature","Rajobenthic","Pectoral Undulation"
"Leucoraja_erinacea","Rajiformes","Rajidae",44.6,26.5,21.3,4.6,20,13.8,3.6,"#DIV/0!",8.4,9,8.7,0.298,10.04,NA,"M","Mature","Rajobenthic","Pectoral Undulation"
"Leucoraja_erinacea","Rajiformes","Rajidae",48,27.7,22.1,4.6,23,13.8,4,"#DIV/0!",8,8,8,0.369,9.42,NA,"M","Mature","Rajobenthic","Pectoral Undulation"
"Leucoraja_fullonica","Rajiformes","Rajidae",77.9,47.5,41,10,27,25.2,6,"#DIV/0!",15.4,15.6,15.5,2.344,22.77,NA,"F","Juvenile","Rajobenthic","Pectoral Undulation"
"Leucoraja_fullonica","Rajiformes","Rajidae",90.4,56.6,46.2,11.5,34,31,7,"#DIV/0!",16.4,15.8,16.1,2.817,24.31,NA,"F","Mature","Rajobenthic","Pectoral Undulation"
"Leucoraja_naevus","Rajiformes","Rajidae",66.6,35.1,30.9,6.8,22,17.6,5.2,"#DIV/0!",8.2,8.4,8.3,1.559,1.934,NA,"M","Mature","Rajobenthic","Pectoral Undulation"
"Leucoraja_naevus","Rajiformes","Rajidae",47.1,28.4,22.6,4.3,14,13.2,3.9,"#DIV/0!",9,9,9,0.494,1.328,NA,"M","Juvenile","Rajobenthic","Pectoral Undulation"
"Leucoraja_wallacei","Rajiformes","Rajidae",NA,25.3,19.82,5.6,19,12.9,3.7,NA,9,8.5,8.75,0.65,13.25,NA,"F","Unknown","Rajobenthic","Pectoral Undulation"
"Leucoraja_wallacei","Rajiformes","Rajidae",36.63,19.3,18.59,3.8,16,9.3,3,NA,5.6,5.6,5.6,0.34,8.97,NA,"F","Juvenile","Rajobenthic","Pectoral Undulation"
"Leucoraja_wallacei","Rajiformes","Rajidae",28.19,21.2,14.36,4,16,10.4,3.3,NA,6.8,7.2,7,0.34,10.03,NA,"F","Juvenile","Rajobenthic","Pectoral Undulation"
"Leucoraja_wallacei","Rajiformes","Rajidae",25.4,17.1,14.48,3.5,9,8.5,2.5,NA,6.66666666666667,6.6,6.625,0.34,9.31,NA,"M","Juvenile","Rajobenthic","Pectoral Undulation"
"Leucoraja_wallacei","Rajiformes","Rajidae",27.6,15.8,12.56,3.3,8,7.6,2.5,NA,6,5.8,5.875,0.26,10.08,NA,"M","Juvenile","Rajobenthic","Pectoral Undulation"
"Leucoraja_wallacei","Rajiformes","Rajidae",38.47,23.4,18.92,4.9,19,11.4,3.2,NA,8,8,8,0.55,11.71,NA,"M","Juvenile","Rajobenthic","Pectoral Undulation"
"Leucoraja_wallacei","Rajiformes","Rajidae",83.6,50.2,41.6,8.7,27,23.9,7,"#DIV/0!",14.6,17.6,16.1,2.66,23.52,"0.668","M","Mature","Rajobenthic","Pectoral Undulation"
"Leucoraja_wallacei","Rajiformes","Rajidae",70.1,42.9,35.7,7.1,24,19.5,5.9,"#DIV/0!",12.6,13.4,13,2.24,23.07,"0.714","M","Mature","Rajobenthic","Pectoral Undulation"
"Leucoraja_wallacei","Rajiformes","Rajidae",65.4,39.7,34.3,6.9,22,19.9,6,"#DIV/0!",13.6,13.8,13.7,2.13,24.25,"0.741","M","Subadult","Rajobenthic","Pectoral Undulation"
"Leucoraja_wallacei","Rajiformes","Rajidae",61.3,37.2,31.6,6.7,17,17.8,4.7,"#DIV/0!",12.6,12,12.3,1.44,19.43,"0.711","F","Juvenile","Rajobenthic","Pectoral Undulation"
"Maculabatis_bineeshi","Myliobatiformes","Dasyatidae",111.8,40.8,35.4,7.2,39,15.2,2.8,"#DIV/0!",10.2,9.2,9.7,1.03,20.32,"0.843","F","Juvenile","Rajobenthic","Pectoral Undulation"
"Maculabatis_bineeshi","Myliobatiformes","Dasyatidae",82.1,25.4,22.9,5.2,28,9.9,1.6,"#DIV/0!",4.8,4.6,4.7,0.8,13.78,"0.843","M","Juvenile","Rajobenthic","Pectoral Undulation"
"Maculabatis_bineeshi","Myliobatiformes","Dasyatidae",59.9,19.2,18.9,3.8,23,8,1.9,"#DIV/0!",4.8,5.2,5,1.74,19.25,"0.822","M","Juvenile","Rajobenthic","Pectoral Undulation"
"Maculabatis_gerrardi","Myliobatiformes","Dasyatidae",159.91,62,52.44,12.5,90,24.3,5.2,NA,18.4,18.6,18.5,3.94,32.16,NA,"F","Subault","Rajobenthic","Pectoral Undulation"
"Maculabatis_gerrardi","Myliobatiformes","Dasyatidae",186.3,68,62.11,12.4,100,25.4,5,NA,19.4,18.8,19.1,3.24,34.7,NA,"F","Mature","Rajobenthic","Pectoral Undulation"
"Maculabatis_gerrardi","Myliobatiformes","Dasyatidae",119.87,75.4,69.25,17.3,125,31.5,6,NA,24.8,25,24.9,6.49,45.99,NA,"M","Mature","Rajobenthic","Pectoral Undulation"
"Maculabatis_gerrardi","Myliobatiformes","Dasyatidae",62.91,16.4,17.12,3.5,35,8,1.5,NA,4.2,4.8,4.5,0.49,18.04,NA,"F","Juvenile","Rajobenthic","Pectoral Undulation"
"Maculabatis_gerrardi","Myliobatiformes","Dasyatidae",107.9,43.7,39.8,9,48,15.1,3,"#DIV/0!",11.6,11.3,11.45,1.62,23.55,"0.815","M","Juvenile","Rajobenthic","Pectoral Undulation"
"Mobula_alfredi","Myliobatiformes","Mobulidae",105.5,232.4,107.7,10.7,50.9,73.5,31.2,"#DIV/0!",206,205.8,205.9,NA,NA,NA,"F","Juvenile","Planktitrophic","Pectoral Oscillation"
"Mobula_eregoodoo","Myliobatiformes","Mobulidae",105.2,106.4,60.1,5.3,19,40.1,12.3,"#DIV/0!",55.6,56.6,56.1,1.02,23.74,NA,"M","Mature","Planktitrophic","Pectoral Oscillation"
"Mobula_eregoodoo","Myliobatiformes","Mobulidae",66,110.4,62.3,4.2,167,36.2,12.9,"#DIV/0!",60.4,61,60.7,0.33,13.75,"0.450","M","Mature","Planktitrophic","Pectoral Oscillation"
"Mobula_kuhlii","Myliobatiformes","Mobulidae",47.9,31,18.5,3,56,11.2,4.2,"#DIV/0!",NA,19,19,NA,NA,NA,"M","Juvenile","Planktitrophic","Pectoral Oscillation"
"Mobula_mobular","Myliobatiformes","Mobulidae",NA,142.4,0,NA,251,58,15.9,NA,69.6,66.4,68,5.03,41.37,NA,"F","Juvenile","Planktitrophic","Pectoral Oscillation"
"Mobula_thurstoni","Myliobatiformes","Mobulidae",87.43,117.1,67.86,NA,28,41.2,14.3,NA,58.8,57.8,58.3,0.31,8.49,NA,"F","Juvenile","Planktitrophic","Pectoral Oscillation"
"Mobula_thurstoni","Myliobatiformes","Mobulidae",75.9,105.6,55.2,9.7,170,39.7,12.2,"#DIV/0!",50.6,51.4,51,2.465,46.7,NA,"F","Juvenile","Planktitrophic","Pectoral Oscillation"
"Myliobatis_aquila","Myliobatiformes","Myliobatidae",134.7,116.6,85,8.6,122,47.8,12.5,"#DIV/0!",25,23.4,24.2,9.548,71.59,NA,"F","Mature","Aquilopelagic","Pectoral Oscillation"
"Myliobatis_aquila","Myliobatiformes","Myliobatidae",88.6,52.8,30.7,4.2,54,18.2,4.3,"#DIV/0!",6.2,6.4,6.3,0.43,25.91,"0.592","F","Mature","Aquilopelagic","Pectoral Oscillation"
"Myliobatis_aquila","Myliobatiformes","Myliobatidae",60.4,53.2,32.6,5.9,54,21.4,4.8,"#DIV/0!",12.38,11,11.8625,3.29,28.8,"0.556","M","Mature","Aquilopelagic","Pectoral Oscillation"
"Myliobatis_aquila","Myliobatiformes","Myliobatidae",53.6,40.6,23.3,3.5,4.5,14.5,3.2,"#DIV/0!",6.4,7.4,6.9,2.24,32.35,"0.596","F","Juvenile","Aquilopelagic","Pectoral Oscillation"
"Myliobatis_aquila","Myliobatiformes","Myliobatidae",43.4,26.1,14.7,2.1,27,8.7,3.4,"#DIV/0!",4.4,4.8,4.6,1.2,23.2,"0.601","F","Juvenile","Aquilopelagic","Pectoral Oscillation"
"Myliobatis_aquila","Myliobatiformes","Myliobatidae",54.9,33.3,19,2.5,32,10.1,3.1,"#DIV/0!",5.6,5.6,5.6,1.57,24.85,"0.552","M","Juvenile","Aquilopelagic","Pectoral Oscillation"
"Myliobatis_aquila","Myliobatiformes","Myliobatidae",73,59.5,29.1,4.3,52,17.4,4.4,"#DIV/0!",9.8,10,9.9,1.53,36.38,"0.594","M","Mature","Aquilopelagic","Pectoral Oscillation"
"Myliobatis_aquila","Myliobatiformes","Myliobatidae",55.5,26.9,14.9,2.5,30,10.5,2.3,"#DIV/0!",4.2,4.4,4.3,0.97,23.59,"0.534","M","Juvenile","Aquilopelagic","Pectoral Oscillation"
"Myliobatis_aquila","Myliobatiformes","Myliobatidae",63,48,27.6,4.4,53,19.7,4.6,"#DIV/0!",9.8,10.2,10,2.18,34.87,"0.542","F","Subadult","Aquilopelagic","Pectoral Oscillation"
"Myliobatis_aquila","Myliobatiformes","Myliobatidae",156.9,105.1,62.9,7.2,91,35.1,8.6,"#DIV/0!",23.2,23.2,23.2,5.607,80.83,NA,"F","Mature","Aquilopelagic","Pectoral Oscillation"
"Myliobatis_californica","Myliobatiformes","Myliobatidae",42.4,32.5,17,3,53,11.4,2.6,"#VALUE!",6,6,6,0.82,16.93,"0.533","F","Juvenile","Aquilopelagic","Pectoral Oscillation"
"Myliobatis_californica","Myliobatiformes","Myliobatidae",NA,27.6,14.61,2.9,45,11.2,2.1,NA,5.2,5.4,5.3,NA,NA,NA,"F","Juvenile","Aquilopelagic","Pectoral Oscillation"
"Myliobatis_californica","Myliobatiformes","Myliobatidae",41.88,28,15.18,3.6,47,11,2.4,NA,5.2,5.4,5.3,0.67,19.25,NA,"F","Juvenile","Aquilopelagic","Pectoral Oscillation"
"Narcine_bancroftii","Torpediniformes","Narcinidae",34,17,15.1,4.8,28,9.9,2.5,"1.31",8,7.4,7.7,0.49,9.59,"0.962","F","Mature","Torpedobenthic","Caudal Propulsion"
"Narcine_bancroftii","Torpediniformes","Narcinidae",32.1,14.8,14.6,3.8,17,8.9,1.7,"1.123399051",6.6,6.2,6.4,0.207,6.24,NA,"M","Mature","Torpedobenthic","Caudal Propulsion"
"Narcine_bancroftii","Torpediniformes","Narcinidae",23.1,13.1,12.2,3.5,17,7.1,1.5,"1.378057862",5.6,5.4,5.5,0.2,6.16,NA,"M","Subadult ","Torpedobenthic","Caudal Propulsion"
"Narcine_bancroftii","Torpediniformes","Narcinidae",24,13.4,11.9,3,15,7.5,1.5,"1.444388624",4,4.4,4.2,0.154,5.62,NA,"M","Mature","Torpedobenthic","Caudal Propulsion"
"Narcine_bancroftii","Torpediniformes","Narcinidae",27.3,15.6,13.3,3.8,15,7.4,1.4,"1.500459",7,6.6,6.8,0.2,8.18,"0.939","M","Mature","Torpedobenthic","Caudal Propulsion"
"Narcine_brasiliensis","Torpediniformes","Narcinidae",22.1,10.4,10.3,2.9,15,6,1.3,"1.175459215",3.4,3.4,3.4,0.093,4.43,NA,"M","Mature ","Torpedobenthic","Caudal Propulsion"
"Narcine_brasiliensis","Torpediniformes","Narcinidae",17.9,9.6,9,2.6,11,4.9,1.2,"1.023541667",2.8,2.8,2.8,0.098,4.3,NA,"F","Juvenile","Torpedobenthic","Caudal Propulsion"
"Narcine_brasiliensis","Torpediniformes","Narcinidae",33.8,16.4,16.7,4.4,18,8.8,2,"1.551766353",6.6,7.4,7,0.321,7.42,NA,"M","Mature","Torpedobenthic","Caudal Propulsion"
"Narcine_brasiliensis","Torpediniformes","Narcinidae",43.4,21.7,21.3,5.7,35,12.7,2.2,"1.459380891",10.8,11.2,11,0.315,8.8,NA,"F","Mature","Torpedobenthic","Caudal Propulsion"
"Narcine_brasiliensis","Torpediniformes","Narcinidae",32.7,17.1,15.7,3.1,20,8.2,2.2,"1.271525433",6,7,6.5,0.191,6.2,NA,"F","Mature","Torpedobenthic","Caudal Propulsion"
"Narcine_brasiliensis","Torpediniformes","Narcinidae",47.2,26.5,21.8,6,42,12.2,4,"1.428419605",13.2,13.6,13.4,0.354,10.28,NA,"F","Mature","Torpedobenthic","Caudal Propulsion"
"Narcine_brasiliensis","Torpediniformes","Narcinidae",28.1,11.9,13.6,3.5,15,7.1,1.7,"1.156961955",5,5.6,5.3,0.156,5.59,"0.89","M","Mature","Torpedobenthic","Caudal Propulsion"
"Narcine_brasiliensis","Torpediniformes","Narcinidae",20.5,8.2,9.7,2.5,11,5.6,1.4,"1.122766572",4.2,4.6,4.4,0.053,3.18,"0.913","F","Subadult","Torpedobenthic","Caudal Propulsion"
"Narcine_entemedor","Torpediniformes","Narcinidae",98.65,40.3,39.91,11.8,93,23.2,5.2,"1.05",28.4,27,27.7,2.84,24.15,NA,"F","Mature","Torpedobenthic","Caudal Propulsion"
"Narcine_entemedor","Torpediniformes","Narcinidae",43.26,18.5,18.52,5.7,43,12.3,2.8,"1.11",11.4,13,12.2,1.03,15.79,NA,"F","Juvenile","Torpedobenthic","Caudal Propulsion"
"Narcine_entemedor","Torpediniformes","Narcinidae",36.76,13.9,14.32,4.5,33,9.6,2.5,"0.8",9.8,9.2,9.5,0.52,10.66,NA,"M","Juvenile","Torpedobenthic","Caudal Propulsion"
"Narcine_entemedor","Torpediniformes","Narcinidae",50.7,25.9,25,6.9,44,15.2,3.7,"1.421854205",15.4,14.4,14.9,0.584,11.3,NA,"F","Juvenile","Torpedobenthic","Caudal Propulsion"
"Narcine_lingula","Torpediniformes","Narcinidae",27.4,14.6,13.5,4.2,23,8.2,1.6,"1.29",4.8,5.8,5.3,0.14,4.31,"0.878","M","Mature","Torpedobenthic","Caudal Propulsion"
"Narcine_lingula","Torpediniformes","Narcinidae",35,15.7,15,3.9,16,9.1,2.1,"0.843108713",6.6,6.2,6.4,0.33,6.48,NA,"F","Mature","Torpedobenthic","Caudal Propulsion"
"Narcine_maculata","Torpediniformes","Narcinidae",27.2,14,13.2,3.4,16,7.3,4.5,"0.8550999195",4.2,4.4,4.3,0.239,5.58,NA,"F","Subadult","Torpedobenthic","Caudal Propulsion"
"Narcine_oculifera","Torpediniformes","Narcinidae",28.3,11.7,11.6,2.6,19,5.9,2.1,"1.070250807",6.8,6.6,6.7,0.422,8.57,NA,"M","Mature","Torpedobenthic","Caudal Propulsion"
"Narcine_prodorsalis","Torpediniformes","Narcinidae",37.3,16.2,17,5.1,20,9.4,2.2,"1.011645411",8,7.6,7.8,0.328,8.33,NA,"M","Mature","Torpedobenthic","Caudal Propulsion"
"Narcine_prodorsalis","Torpediniformes","Narcinidae",28.6,14.2,13.9,3.8,18,8.9,1.8,"0.8760211745",7.2,6.4,6.8,0.19,5,NA,"F","Juvenile","Torpedobenthic","Caudal Propulsion"
"Narcine_prodorsalis","Torpediniformes","Narcinidae",29.8,14.7,13.7,3.6,20,8.3,1.8,"0.8772650423",7.6,7.4,7.5,0.27,7.46,NA,"M","Mature","Torpedobenthic","Caudal Propulsion"
"Narcine_prodorsalis","Torpediniformes","Narcinidae",31.2,13.9,13.3,4.6,18,8.5,2,"0.891819361",7.4,7,7.2,0.269,7.75,NA,"M","Mature ","Torpedobenthic","Caudal Propulsion"
"Narcine_rierai","Torpediniformes","Narcinidae",30.4,11.1,12.2,2.9,13,8.7,1.5,"0.481083",4.8,5.4,5.1,0.29,10.64,"0.888","F","Mature","Torpedobenthic","Caudal Propulsion"
"Narcine_rierai","Torpediniformes","Narcinidae",27.2,10.2,10.3,2.6,11,7.4,1.4,"0.586702",3.6,3.6,3.6,0.29,8.63,"0.928","F","Mature","Torpedobenthic","Caudal Propulsion"
"Narcine_rierai","Torpediniformes","Narcinidae",25,9,9.8,2.4,13,7.2,1.3,"0.576375",2.2,2.4,2.3,0.23,7.81,"0.939","F","Subadult","Torpedobenthic","Caudal Propulsion"
"Narcine_rierai","Torpediniformes","Narcinidae",24.5,9,10,3,14,8,1.4,"0.644226",4.2,4.2,4.2,0.25,10.08,"0.909","M","Juvenile","Torpedobenthic","Caudal Propulsion"
"Narcine_rierai","Torpediniformes","Narcinidae",21.5,8.6,8.7,2.3,12,4.8,1.5,"0.6906557051",3.6,3.6,3.6,0.176,7.09,NA,"F","Juvenile","Torpedobenthic","Caudal Propulsion"
"Narcine_timlei","Torpediniformes","Narcinidae",17.9,10.2,8.2,2.8,11,4.4,1,"0.62",2.4,2.8,2.6,0.13,5.34,"0.836","M","Mature","Torpedobenthic","Caudal Propulsion"
"Narke_capensis","Torpediniformes","Narkidae",17.9,10.5,10.1,2.1,11,5.4,1.4,"1.218139426",2.6,2.8,2.7,0.215,6.93,NA,"M","Mature","Torpedobenthic","Caudal Propulsion"
"Narke_capensis","Torpediniformes","Narkidae",17.5,10.8,9.7,1.8,13,5.7,1.2,"0.8865032203",2.8,3.6,3.2,0.098,4.09,NA,"F","Juvenile","Torpedobenthic","Caudal Propulsion"
"Narke_capensis","Torpediniformes","Narkidae",22.2,14.9,12.6,2.8,12,7.7,1.5,"1.316276621",3,2.8,2.9,0.098,4.36,NA,"M","Mature","Torpedobenthic","Caudal Propulsion"
"Narke_dipterygia","Torpediniformes","Narkidae",12.4,5.4,5.3,0.9,7,2.9,0.9,"1.428168257",2.4,2.4,2.4,0.025,1.75,NA,"M","Mature","Torpedobenthic","Caudal Propulsion"
"Narke_dipterygia","Torpediniformes","Narkidae",15.2,7.7,7,1.6,5,4.2,0.8,"0.9130559772",2.4,3,2.7,0.032,2.41,"0.944","M","Mature","Torpedobenthic","Caudal Propulsion"
"Narke_dipterygia","Torpediniformes","Narkidae",16.7,5.8,8.1,1.9,7,4.6,0.7,"1.000691651",3.2,5,4.1,0.022,2,"0.942","F","Mature","Torpedobenthic","Caudal Propulsion"
"Narke_dipterygia","Torpediniformes","Narkidae",18.5,9.4,8.9,1.8,6,5.6,1.1,"1.154672322",3.6,3.8,3.7,0.054,3.11,"0.918","F","Mature","Torpedobenthic","Caudal Propulsion"
"Narke_dipterygia","Torpediniformes","Narkidae",19.1,9.2,8.8,1.7,6,4.9,1.2,"1.226869944",5.4,4,4.7,0.053,3.46,"0.943","F","Mature","Torpedobenthic","Caudal Propulsion"
"Neotrygon_caeruleopunctata","Myliobatiformes","Dasyatidae",56.4,31.5,27.2,4.9,27,13.2,2.8,"#DIV/0!",9.6,9.4,9.5,1.87,24.11,"0.765","M","Mature","Rajobenthic","Pectoral Undulation"
"Neotrygon_caeruleopunctata","Myliobatiformes","Dasyatidae",46.6,25.1,21,4.3,40,9.4,1.8,"#DIV/0!",7.2,7.3,7.25,2.57,23.4,"0.735","M","Juvenile","Rajobenthic","Pectoral Undulation"
"Neotrygon_caeruleopunctata","Myliobatiformes","Dasyatidae",NA,34.5,19.6,3.4,15,8.7,1.8,"#DIV/0!",7.4,7.4,7.4,0.7,16.88,"0.749","F","Subadult","Rajobenthic","Pectoral Undulation"
"Neotrygon_caeruleopunctata","Myliobatiformes","Dasyatidae",NA,46.5,30.5,5.2,34,13.1,3.1,"#DIV/0!",12.6,12.4,12.5,1.74,22.71,"0.737","F","Mature","Rajobenthic","Pectoral Undulation"
"Neotrygon_caeruleopunctata","Myliobatiformes","Dasyatidae",67.5,38.4,30.6,4.8,38,13.9,3.4,"#DIV/0!",10.8,11,10.9,1.34,18.07,"0.774","F","Mature","Rajobenthic","Pectoral Undulation"
"Neotrygon_leylandi","Myliobatiformes","Dasyatidae",30.6,22.4,18.9,4,19,8.7,1.9,"#DIV/0!",6.2,6.4,6.3,0.549,13.14,"0.811","M","Mature","Rajobenthic","Pectoral Undulation"
"Neotrygon_varidens","Myliobatiformes","Dasyatidae",55.5,30.4,25.6,4.6,21,9.6,4.1,"#DIV/0!",7,7,7,0.414,14,NA,"F","Subadult","Rajobenthic","Pectoral Undulation"
"Neotrygon_varidens","Myliobatiformes","Dasyatidae",48.2,25.2,19.9,3.2,19,8.2,2.8,"#DIV/0!",5.8,6,5.9,0.361,12.83,NA,"M","Mature","Rajobenthic","Pectoral Undulation"
"Notoraja_tobitukai","Rajiformes","Arhynchobatidae",34.2,18.2,15.1,4.4,11,10.9,2.6,"#DIV/0!",2.8,2.8,2.8,0.251,8.49,NA,"M","Mature","Rajobenthic","Pectoral Undulation"
"Okamejei_kenojei","Rajiformes","Rajidae",44,30.4,23.1,6,24,12.3,4,"#DIV/0!",10.4,9.8,10.1,0.51,11.18,NA,"F","Mature","Rajobenthic","Pectoral Undulation"
"Okamejei_kenojei","Rajiformes","Rajidae",27.5,21.2,17.8,4.5,13,10.2,2.8,"#DIV/0!",5.2,5,5.1,0.168,5.7,NA,"M","Subadult","Rajobenthic","Pectoral Undulation"
"Okamejei_kenojei","Rajiformes","Rajidae",33.4,24.5,18.9,5.3,16,11.7,2.9,"#DIV/0!",7.4,7.4,7.4,0.09,5.48,NA,"F","Juvenile","Rajobenthic","Pectoral Undulation"
"Okamejei_kenojei","Rajiformes","Rajidae",34.1,24.2,19.8,5.7,15,10.4,2.9,"#DIV/0!",5.8,6,5.9,0.224,9.02,NA,"F","Juvenile","Rajobenthic","Pectoral Undulation"
"Pastinachus_sephen","Myliobatiformes","Dasyatidae",99.3,39.2,32.3,5.9,40,14,3,"#DIV/0!",11.8,12,11.9,1.546,20.7,NA,"F","Juvenile","Rajobenthic","Pectoral Undulation"
"Pastinachus_sephen","Myliobatiformes","Dasyatidae",88.9,44.6,36.5,8.9,36,15.9,4.1,"0.166416832",11.6,11.5,11.5555555555556,1.332,22.43,NA,"M","Juvenile","Rajobenthic","Pectoral Undulation"
"Pastinachus_sephen","Myliobatiformes","Dasyatidae",83.2,32.7,28.1,6.1,35,13.8,3.2,"#DIV/0!",9.66666666666667,9.2,9.375,0.561,14.3,NA,"M","Juvenile","Rajobenthic","Pectoral Undulation"
"Pastinachus_sephen","Myliobatiformes","Dasyatidae",99.6,38.2,30.7,6.1,32,12.3,3.4,"#DIV/0!",10.8,11.4,11.1,4.37,34.86,"0.829","M","Juvenile","Rajobenthic","Pectoral Undulation"
"Pastinachus_solocirostris","Myliobatiformes","Dasyatidae",157.59,67,52.35,11.2,105,24.4,5.5,NA,21.2,21.4,21.3,4.82,41.08,NA,"M","Mature","Rajobenthic","Pectoral Undulation"
"Pateobatis_jenkinsii","Myliobatiformes","Dasyatidae",NA,55.4,50.26,12.6,75,18.4,5.1,NA,17.8,17,17.4,3.21,29.07,NA,"M","Juvenile","Rajobenthic","Pectoral Undulation"
"Pateobatis_jenkinsii","Myliobatiformes","Dasyatidae",80.27,54.8,45,12.5,85,19,4.5,NA,17.8,17.4,17.6,3.32,37.47,NA,"M","Juvenile","Rajobenthic","Pectoral Undulation"
"Pateobatis_jenkinsii","Myliobatiformes","Dasyatidae",126.56,104,87.34,18,145,38.5,8.3,NA,36.4,34.2,35.3,12.43,69.01,NA,"M","Mature","Rajobenthic","Pectoral Undulation"
"Pateobatis_uarnacoides","Myliobatiformes","Dasyatidae",82.4,19.9,20.2,5.3,19,9.2,1.3,"#VALUE!",4.6,4.4,4.5,0.42,9.78,"0.779","M","Juvenile","Rajobenthic","Pectoral Undulation"
"Platyrhina_sinensis","Rhinopristiformes","Platyrhinidae",41.2,20.1,19.7,6.2,23,12.8,3.7,"0.6042938274",6.8,6.2,6.5,0.406,9.43,NA,"M","Mature","Rhinobenthic","Caudal Propulsion"
"Plesiobatis_daviesi","Myliobatiformes","Plesiobatidae",57.8,30.2,31.1,11.5,44,16.4,4,"#DIV/0!",10,10.6,10.3,1.31,20.81,"0.883","M","Juvenile","Rajobenthic","Pectoral Undulation"
"Plesiobatis_daviesi","Myliobatiformes","Plesiobatidae",168.2,91.6,94.8,30.4,99,48.3,10.2,"#DIV/0!",34,32.6,33.3,8.18,61.26,"0.868","M","Mature","Rajobenthic","Pectoral Undulation"
"Plesiobatis_daviesi","Myliobatiformes","Plesiobatidae",134.5,73.6,76.2,25.1,81,40.8,8.4,"#DIV/0!",21.8,23.6,22.7,8.37,56.755,"0.771","F","Juvenile","Rajobenthic","Pectoral Undulation"
"Plesiobatis_daviesi","Myliobatiformes","Plesiobatidae",155.1,83.7,85.9,27.1,92,40.8,9.4,"#DIV/0!",26.4,27.4,26.9,5.23,47.43,"0.823","F","Juvenile","Rajobenthic","Pectoral Undulation"
"Plesiotrygon_iwamae","Myliobatiformes","Potamotrygonidae",35.2,17.8,16.1,4,21,7.1,1.8,"0.4449255652",4.2,5,4.6,0.496,9.83,NA,"F","Juvenile","Rajobenthic","Pectoral Undulation"
"Plesiotrygon_iwamae","Myliobatiformes","Potamotrygonidae",33.4,19.9,19.8,5.5,31,9.1,2.1,"#DIV/0!",4.4,5.2,4.8,0.419,11.55,NA,"M","Juvenile","Rajobenthic","Pectoral Undulation"
"Potamotrygon_amandae","Myliobatiformes","Potamotrygonidae",47,26.5,27.5,5.8,25,13.5,3.3,"#DIV/0!",8,7.6,7.8,0.817,1.536,NA,"M","Mature","Rajobenthic","Pectoral Undulation"
"Potamotrygon_boesemani","Myliobatiformes","Potamotrygonidae",53.9,33.4,35.2,8.5,44,17.4,4.8,"#DIV/0!",8.4,11.4,9.9,2.135,1.657,NA,"M","Mature","Rajobenthic","Pectoral Undulation"
"Potamotrygon_histrix","Myliobatiformes","Potamotrygonidae",56.2,29.4,32.4,7.5,25,15.3,35,"#DIV/0!",7.8,7.6,7.7,3.488,28.05,NA,"F","Mature","Rajobenthic","Pectoral Undulation"
"Potamotrygon_motoro","Myliobatiformes","Potamotrygonidae",28.8,17.9,17.7,4.3,23,8.4,2,"#DIV/0!",5,5.4,5.2,0.25,0.86,NA,"F","Juvenile","Rajobenthic","Pectoral Undulation"
"Potamotrygon_motoro","Myliobatiformes","Potamotrygonidae",37.4,21.2,20.7,4.2,23,9.8,1.6,"#DIV/0!",5.4,5.6,5.5,0.459,1.247,NA,"F","Juvenile","Rajobenthic","Pectoral Undulation"
"Potamotrygon_motoro","Myliobatiformes","Potamotrygonidae",32.8,18.4,18.7,4.2,21,8.4,1.8,"#DIV/0!",4.6,4.6,4.6,0.345,0.884,NA,"F","Juvenile","Rajobenthic","Pectoral Undulation"
"Potamotrygon_orbignyi","Myliobatiformes","Potamotrygonidae",31,18.2,18.1,4.1,19,8.6,2.4,"#DIV/0!",4,3.8,3.9,0.386,11.65,NA,"F","Juvenile","Rajobenthic","Pectoral Undulation"
"Potamotrygon_orbignyi","Myliobatiformes","Potamotrygonidae",33.1,18.1,19.9,4.1,22,8.6,2.5,"#DIV/0!",5.2,5,5.1,0.076,4.09,NA,"F","Juvenile","Rajobenthic","Pectoral Undulation"
"Potamotrygon_orbignyi","Myliobatiformes","Potamotrygonidae",37.3,21.7,20.9,8,25,8.5,2.4,"#DIV/0!",6,5.8,5.9,1.437,20.08,NA,"F","Juvenile","Rajobenthic","Pectoral Undulation"
"Potamotrygon_orbignyi","Myliobatiformes","Potamotrygonidae",33.6,18,19.5,3.9,21,8.4,2.1,"#DIV/0!",4.8,5,4.9,0.215,8.82,NA,"F","Juvenile","Rajobenthic","Pectoral Undulation"
"Potamotrygon_orbignyi","Myliobatiformes","Potamotrygonidae",121.1,57.8,64.1,14.5,81,30.7,6,"#DIV/0!",18,18.4,18.2,6.655,52.6,NA,"F","Mature","Rajobenthic","Pectoral Undulation"
"Pristis_pectinata","Rhinopristiformes","Pristidae",75.07,18.9,40.04,20.8,40,32.8,4.4,"0.77",12.6,11.8,12.2,0.37,11.08,NA,"F","Juvenile","Rhinobenthic","Caudal Propulsion"
"Pristis_pectinata","Rhinopristiformes","Pristidae",79.84,21.4,43.54,23.5,53,36.3,4.5,"0.98",13.4,14.2,13.8,0.54,12.63,NA,"F","Juvenile","Rhinobenthic","Caudal Propulsion"
"Pristis_pectinata","Rhinopristiformes","Pristidae",106.5,36,46.5,12,47,34.9,6.8,"1.038188",15.4,16.2,15.8,1.6,17.19,"0.410","M","Juvenile","Rhinobenthic","Caudal Propulsion"
"Pristis_zijsron","Rhinopristiformes","Pristidae",150.4,41.3,84.25,41.75,78,66,8.2,"1.85",NA,21,21,3.22,29.31,NA,"F","Juvenile","Rhinobenthic","Caudal Propulsion"
"Pristis_zijsron","Rhinopristiformes","Pristidae",105.5,29.5,55.5,26.9,37,44,6,"1.187843",14.2,14.6,14.4,1.51,13.16,"0.285","M","Juvenile","Rhinobenthic","Caudal Propulsion"
"Psammobatis_normani","Rajiformes","Arhynchobatidae",31.4,18.9,14.1,3.6,17,7.8,2.4,"#DIV/0!",5,5.4,5.2,NA,NA,NA,"M","Subadult","Rajobenthic","Pectoral Undulation"
"Psammobatis_normani","Rajiformes","Arhynchobatidae",39.6,21.9,18.3,4.1,15,11.8,3.2,"#DIV/0!",4.6,4.6,4.6,0.567,11.27,NA,"M","Mature","Rajobenthic","Pectoral Undulation"
"Psammobatis_normani","Rajiformes","Arhynchobatidae",38.5,24.2,18.5,4.3,14,10.8,3.4,"#DIV/0!",5.2,5.6,5.4,0.656,11.15,NA,"M","Mature","Rajobenthic","Pectoral Undulation"
"Psammobatis_normani","Rajiformes","Arhynchobatidae",38.1,24.7,19.8,4.2,17,10.8,3.5,"#DIV/0!",5.6,5.8,5.7,0.379,9.77,NA,"M","Mature","Rajobenthic","Pectoral Undulation"
"Psammobatis_normani","Rajiformes","Arhynchobatidae",29.4,18.6,15.7,3.5,12,9.6,2.2,"#DIV/0!",4.6,4.8,4.7,0.279,8.76,NA,"M","Subadult","Rajobenthic","Pectoral Undulation"
"Psammobatis_rudis","Rajiformes","Arhynchobatidae",38.1,24.7,20.8,5,20,12.6,3.8,"#DIV/0!",10,9.8,9.9,0.864,16.81,"0.769","F","Subadult","Rajobenthic","Pectoral Undulation"
"Psammobatis_rudis","Rajiformes","Arhynchobatidae",41.1,26.5,20.6,4.8,18,12.2,3.9,"#DIV/0!",10.2,9.8,10,0.662,15.34,"0.81","M","Mature","Rajobenthic","Pectoral Undulation"
"Psammobatis_rudis","Rajiformes","Arhynchobatidae",31.9,21.2,17.2,4,15,9.2,3.2,"#DIV/0!",9,9,9,0.532,13.63,NA,"F","Juvenile","Rajobenthic","Pectoral Undulation"
"Psammobatis_rudis","Rajiformes","Arhynchobatidae",43.5,27.4,21.6,5.2,22,12.5,4.8,"#DIV/0!",8.8,8.6,8.7,0.726,13.76,NA,"M","Mature","Rajobenthic","Pectoral Undulation"
"Psammobatis_rudis","Rajiformes","Arhynchobatidae",48.8,28.9,25,6.2,24,13,4,"#DIV/0!",6,5.6,5.66666666666667,1.005,15.17,NA,"M","Mature","Rajobenthic","Pectoral Undulation"
"Psammobatis_scobina","Rajiformes","Arhynchobatidae",49.9,32,26.1,7.1,22,14.5,5.4,"#DIV/0!",11,11.4,11.2,0.868,15.07,NA,"M","Mature","Rajobenthic","Pectoral Undulation"
"Psammobatis_scobina","Rajiformes","Arhynchobatidae",44.9,25.1,21,4.5,10,12.1,3,"#DIV/0!",8.4,8.6,8.5,0.59,11.66,NA,"M","Mature","Rajobenthic","Pectoral Undulation"
"Psammobatis_scobina","Rajiformes","Arhynchobatidae",45,28.1,23.8,5.9,20,12.9,3.6,"#DIV/0!",7.4,8.2,7.8,0.553,15.07,NA,"F","Subadult","Rajobenthic","Pectoral Undulation"
"Psammobatis_scobina","Rajiformes","Arhynchobatidae",38.7,23.5,19.5,4.3,20,10.6,3,"#DIV/0!",5.8,6.8,6.3,0.514,12.66,NA,"M","Male","Rajobenthic","Pectoral Undulation"
"Psammobatis_scobina","Rajiformes","Arhynchobatidae",19.7,11.9,10.3,2.7,8,5.7,1.4,"#DIV/0!",2.2,1.8,2,0.099,5.62,NA,"M","Juvenile","Rajobenthic","Pectoral Undulation"
"Pseudobatos_glaucostigma","Rhinopristiformes","Rhinobatidae",50.4,16.5,19.92,7.4,40,14.8,3.3,"0.56",8.4,9,8.7,0.53,12.12,NA,"F","Juvenile","Rhinobenthic","Caudal Propulsion"
"Pseudobatos_glaucostigma","Rhinopristiformes","Rhinobatidae",50.56,16.8,19.88,7.9,43,16.5,3,"0.76",6.2,6,6.1,0.73,16.37,NA,"M","Juvenile","Rhinobenthic","Caudal Propulsion"
"Pseudobatos_glaucostigma","Rhinopristiformes","Rhinobatidae",44.74,15.3,17.35,7.2,35,14.4,2.9,"0.59",5,4.8,4.9,0.59,14.76,NA,"M","Juvenile","Rhinobenthic","Caudal Propulsion"
"Pseudobatos_glaucostigma","Rhinopristiformes","Rhinobatidae",36.44,12.3,14.88,5.7,30,10.9,2.3,"0.61",4.4,4.6,4.5,0.73,15.43,NA,"F","Juvenile","Rhinobenthic","Caudal Propulsion"
"Pseudobatos_lentiginosus","Rhinopristiformes","Rhinobatidae",47.3,13.9,18.2,6.9,17,13,3.9,"#DIV/0!",5,5.2,5.1,0.54,11.63,"0.624","M","Subadult","Rhinobenthic","Caudal Propulsion"
"Pseudobatos_leucorhynchus","Rhinopristiformes","Rhinobatidae",32.61,11.3,12.8,5.2,11,8.8,2.5,"0.77",5,5,5,0.19,8.67,NA,"F","Juvenile","Rhinobenthic","Caudal Propulsion"
"Pseudobatos_leucorhynchus","Rhinopristiformes","Rhinobatidae",41.13,14.1,16.22,6.2,19,12,3.1,"1.21",6.2,6.6,6.4,0.38,11.29,NA,"F","Juvenile","Rhinobenthic","Caudal Propulsion"
"Pseudobatos_leucorhynchus","Rhinopristiformes","Rhinobatidae",52.02,16.7,19.38,7.3,28,13.9,3.7,"0.48",6.6,7,6.8,0.79,15.91,NA,"M","Mature","Rhinobenthic","Caudal Propulsion"
"Pseudobatos_leucorhynchus","Rhinopristiformes","Rhinobatidae",43.5,15.1,16.71,6.5,21,12.3,3,"0.77",6.2,5.8,6,0.44,12.69,NA,"M","Juvenile","Rhinobenthic","Caudal Propulsion"
"Pseudobatos_leucorhynchus","Rhinopristiformes","Rhinobatidae",56.4,16.4,20.69,7.3,25,13.4,3.6,"0.67",8.2,8.4,8.3,0.65,16.5,NA,"M","Mature","Rhinobenthic","Caudal Propulsion"
"Pseudobatos_leucorhynchus","Rhinopristiformes","Rhinobatidae",54.39,16,19.34,7.5,40,15,3.2,"0.83",6.2,6.4,6.3,0.58,15.43,NA,"M","Mature","Rhinobenthic","Caudal Propulsion"
"Pseudobatos_leucorhynchus","Rhinopristiformes","Rhinobatidae",26.99,9.3,11.32,4.5,20,8.5,1.9,"0.65",2.7,3.4,3.05,0.23,8.66,NA,"F","Juvenile","Rhinobenthic","Caudal Propulsion"
"Pseudobatos_leucorhynchus","Rhinopristiformes","Rhinobatidae",26.24,8.9,10.71,4.2,20,8.2,1.9,"0.7",3.4,3.4,3.4,0.17,6.24,NA,"M","Juvenile","Rhinobenthic","Caudal Propulsion"
"Pseudobatos_percellens","Rhinopristiformes","Rhinobatidae",51.58,15.5,19.67,7,35,16.1,3.4,"1.06",7.2,6.8,7,0.51,11.67,NA,"M","Juvenile","Rhinobenthic","Caudal Propulsion"
"Pseudobatos_percellens","Rhinopristiformes","Rhinobatidae",47.18,14,17.71,6.7,32,14.8,3.2,"0.86",6.2,5.6,5.9,0.72,15.1,NA,"M","Juvenile","Rhinobenthic","Caudal Propulsion"
"Pseudobatos_percellens","Rhinopristiformes","Rhinobatidae",54.89,18,23.25,8.5,40,17.8,4,"0.94",9,8.4,8.7,0.68,12.06,NA,"F","Juvenile","Rhinobenthic","Caudal Propulsion"
"Pseudobatos_percellens","Rhinopristiformes","Rhinobatidae",51.05,14,19.85,7.2,35,15,3.4,"0.66",7.4,7.2,7.3,0.61,14.3,NA,"M","Juvenile","Rhinobenthic","Caudal Propulsion"
"Pseudobatos_percellens","Rhinopristiformes","Rhinobatidae",53.23,16.5,20.89,8.2,40,15.3,3.5,"0.89",7.4,7,7.2,0.37,10.09,NA,"M","Juvenile","Rhinobenthic","Caudal Propulsion"
"Pseudobatos_productus","Rhinopristiformes","Rhinobatidae",23.2,9.3,11,3.7,17,8,1.7,"0.45",3.2,3.5,3.33333333333333,0.21,6,"0.718","M","Juvenile","Rhinobenthic","Caudal Propulsion"
"Pseudobatos_productus","Rhinopristiformes","Rhinobatidae",128.78,43.6,46.65,16.5,85,32.5,9.1,"0.81",24.4,22.2,23.3,3.39,36.46,NA,"F","Mature","Rhinobenthic","Caudal Propulsion"
"Pseudobatos_productus","Rhinopristiformes","Rhinobatidae",61.15,20,23.92,8.8,45,17.7,4.1,"0.75",10,10.2,10.1,0.49,12.3,NA,"M","Juvenile","Rhinobenthic","Caudal Propulsion"
"Pteroplatytrygon_violacea","Myliobatiformes","Dasyatidae",79,45.1,32.8,6.1,38,14.7,4.8,"#DIV/0!",13.2,11.8,12.5,0.543,14.86,NA,"M","Mature","Rajopelagic","Pectoral Undulation"
"Pteroplatytrygon_violacea","Myliobatiformes","Dasyatidae",100.4,77.8,65.8,14.2,92,24,6.5,"#DIV/0!",19.8,19.6,19.7,7.7,40.68,"0.837","M","Mature","Rajopelagic","Pectoral Undulation"
"Pteroplatytrygon_violacea","Myliobatiformes","Dasyatidae",160.6,77.5,67.6,14,77,26.1,6.3,"#DIV/0!",24.2,21.6,22.9,7.31,38.4,"0.817","F","Mature","Rajopelagic","Pectoral Undulation"
"Pteroplatytrygon_violacea","Myliobatiformes","Dasyatidae",42.9,46.1,34.2,6,38,17.6,5.6,"#DIV/0!",12.2,11,11.6,3.262,25.96,NA,"M","Mature","Rajopelagic","Pectoral Undulation"
"Raja_brachyura","Rajiformes","Rajidae",108.3,80.4,58.6,13.8,60,31.7,11.5,"#DIV/0!",23.6,25.2,24.4,3.419,31.3,NA,"F","Mature","Rajobenthic","Pectoral Undulation"
"Raja_brachyura","Rajiformes","Rajidae",83.4,59.8,48.1,10.8,49,25.5,8,"#DIV/0!",14.4,15.2,14.8,1.979,24.93,NA,"F","Subadult","Rajobenthic","Pectoral Undulation"
"Raja_brachyura","Rajiformes","Rajidae",93.7,64.9,50.6,11.8,57,28.4,9.5,"#DIV/0!",19.6,19.4,19.5,3.118,25.92,NA,"M","Mature","Rajobenthic","Pectoral Undulation"
"Raja_brachyura","Rajiformes","Rajidae",92.8,68.6,52.6,12,58,28.9,10.3,"#DIV/0!",21.2,21.2,21.2,3.74,31.49,NA,"F","Mature","Rajobenthic","Pectoral Undulation"
"Raja_clavata","Rajiformes","Rajidae",89,59.6,45.2,10.8,47,23.4,7.5,"#DIV/0!",15.2,16.6,15.9,2.66,24.31,NA,"M","Mature","Rajobenthic","Pectoral Undulation"
"Raja_clavata","Rajiformes","Rajidae",71.2,52.8,36.1,9,32,21.4,6.8,"#DIV/0!",16,16,16,1.832,19.59,NA,"F","Mature","Rajobenthic","Pectoral Undulation"
"Raja_clavata","Rajiformes","Rajidae",75.1,50.4,37.6,9,36,21.9,6.4,"#DIV/0!",13.2,13,13.1,1.794,2.155,NA,"M","Mature","Rajobenthic","Pectoral Undulation"
"Raja_microocellata","Rajiformes","Rajidae",69.6,48,37.1,10.5,37,22.4,5.7,"#DIV/0!",9.4,10,9.7,1.242,1.853,NA,"F","Mature","Rajobenthic","Pectoral Undulation"
"Raja_microocellata","Rajiformes","Rajidae",84.1,58.4,44.4,11.8,49,22.9,6.6,"#DIV/0!",11.8,13.6,12.7,1.211,2.254,NA,"F","Mature","Rajobenthic","Pectoral Undulation"
"Raja_montagui","Rajiformes","Rajidae",67,44.3,35.4,8.1,31,18.9,5.7,"#DIV/0!",14.6,15.6,15.1,1.65,19.6,NA,"F","Mature","Rajobenthic","Pectoral Undulation"
"Raja_montagui","Rajiformes","Rajidae",65.4,45.4,35.6,7.9,28,19.6,4.9,"#DIV/0!",9,9.2,9.1,1.222,2.24,NA,"F","Subadult","Rajobenthic","Pectoral Undulation"
"Raja_montagui","Rajiformes","Rajidae",62.6,43.3,31.7,7.4,26,16.6,5.1,"#DIV/0!",10.6,10.6,10.6,1.207,2.068,NA,"F","Subadult","Rajobenthic","Pectoral Undulation"
"Raja_ocellifera","Rajiformes","Rajidae",46.4,31.1,24.7,6.1,17,11.6,3.7,"#DIV/0!",8.8,8.6,8.7,0.86,15.52,"0.748","F","Unknown","Rajobenthic","Pectoral Undulation"
"Raja_ocellifera","Rajiformes","Rajidae",49.2,34,25.2,5.7,18,11.3,4,"#DIV/0!",9,8.2,8.6,0.92,18.52,"0.798","F","Unknown","Rajobenthic","Pectoral Undulation"
"Raja_ocellifera","Rajiformes","Rajidae",49.4,34.7,26.3,6.2,21,13.2,4.1,"#DIV/0!",10.2,9,9.6,0.95,16.91,"0.773","F","Unknown","Rajobenthic","Pectoral Undulation"
"Raja_ocellifera","Rajiformes","Rajidae",52.1,33.1,26.2,5.5,21,12.8,4.1,"#DIV/0!",9.2,8.6,8.9,1.06,17.52,"0.709","M","Mature","Rajobenthic","Pectoral Undulation"
"Raja_ocellifera","Rajiformes","Rajidae",50,32,26.1,5.5,22,13.1,4.1,"#DIV/0!",6,6.6,6.3,0.72,14.35,"0.689","M","Mature","Rajobenthic","Pectoral Undulation"
"Raja_ocellifera","Rajiformes","Rajidae",28.6,21.2,14.3,3.6,14,6.9,2.2,"#DIV/0!",3,4.4,3.7,0.19,7.39,"0.809","F","Unknown","Rajobenthic","Pectoral Undulation"
"Raja_ocellifera","Rajiformes","Rajidae",41.6,28.2,21.3,4.3,16,11.1,4.3,"#DIV/0!",7,7.6,7.3,0.86,14.22,"0.776","M","Mature","Rajobenthic","Pectoral Undulation"
"Raja_ocellifera","Rajiformes","Rajidae",48.9,32.3,24.4,4.9,20,13.3,4.1,"#DIV/0!",9.6,9.2,9.4,0.75,14.82,"0.587","M","Mature","Rajobenthic","Pectoral Undulation"
"Raja_ocellifera","Rajiformes","Rajidae",42.1,27.4,21.7,4.6,17,12.3,3.1,"#DIV/0!",5.8,6.6,6.2,0.61,14.46,"0.694","M","Mature","Rajobenthic","Pectoral Undulation"
"Raja_ocellifera","Rajiformes","Rajidae",44.6,30.5,23.1,4.8,20,13.3,3.9,"#DIV/0!",8,8.75,8.375,0.66,15.44,"0.773","M","Juvenile","Rajobenthic","Pectoral Undulation"
"Raja_straeleni","Rajiformes","Rajidae",46.1,34.8,26.1,6.6,25,15.8,4.1,"#DIV/0!",7.6,8.6,8.1,0.81,15.94,"0.719","M","Juvenile","Rajobenthic","Pectoral Undulation"
"Raja_straeleni","Rajiformes","Rajidae",43.3,32.4,23.8,5.9,21,13.8,3.7,"#DIV/0!",8.4,8.2,8.3,0.91,14.99,"0.600","M","Juvenile","Rajobenthic","Pectoral Undulation"
"Raja_straeleni","Rajiformes","Rajidae",36.1,27.2,19.6,4.7,18,10.4,3,"#DIV/0!",6,6.4,6.2,0.5,11.83,"0.709","F","Juvenile","Rajobenthic","Pectoral Undulation"
"Raja_straeleni","Rajiformes","Rajidae",54.9,38.9,28.5,6.5,24,15.7,4.6,"#DIV/0!",10.2,10.6,10.4,0.87,14.72,"0.675","M","Juvenile","Rajobenthic","Pectoral Undulation"
"Raja_straeleni","Rajiformes","Rajidae",74.2,49.9,37.9,9.3,33,23,6.7,"#DIV/0!",13.6,13,13.3,1.63,19.48,"0.714","M","Mature","Rajobenthic","Pectoral Undulation"
"Raja_straeleni","Rajiformes","Rajidae",71.3,52.6,36.9,8.5,40,21.8,6.7,"#DIV/0!",18.8,16.6,17.7,3.01,27.57,"0.671","M","Mature","Rajobenthic","Pectoral Undulation"
"Raja_straeleni","Rajiformes","Rajidae",78.6,60,42.2,10.6,42,22.8,6.9,"#DIV/0!",16,17.2,16.6,3.01,28.81,"0.700","F","Mature","Rajobenthic","Pectoral Undulation"
"Raja_straeleni","Rajiformes","Rajidae",83.8,63.5,46.9,11.6,52,28.7,7.8,"#DIV/0!",21,24,22.5,3.198,27.34,NA,"F","Mature","Rajobenthic","Pectoral Undulation"
"Raja_undulata","Rajiformes","Rajidae",85.1,53.8,41,9.6,43,22.9,7.4,"#DIV/0!",14,13.2,13.6,3.558,2.767,NA,"M","Mature","Rajobenthic","Pectoral Undulation"
"Rajella_barnardi","Rajiformes","Rajidae",63.2,38.9,31.1,8.4,28,18.7,4.9,"#DIV/0!",10.4,10.2,10.3,2.57,24.14,"0.790","F","Subadult","Rajobenthic","Pectoral Undulation"
"Rajella_barnardi","Rajiformes","Rajidae",61.2,37.9,30.2,7.1,24,17.5,4.8,"#DIV/0!",10.25,9,9.55555555555556,1.7,17.34,"0.735","M","Mature","Rajobenthic","Pectoral Undulation"
"Rajella_barnardi","Rajiformes","Rajidae",35.2,19.8,17.3,4.3,12,9.6,2.4,"#DIV/0!",3.4,4.4,3.9,0.42,8.61,"0.733","M","Juvenile","Rajobenthic","Pectoral Undulation"
"Rajella_caudaspinosa","Rajiformes","Rajidae",36.3,22.4,17.2,4.2,14,9.9,2.8,"#DIV/0!",4.6,4.8,4.7,0.48,9.7,"0.746","F","Juvenile","Rajobenthic","Pectoral Undulation"
"Rajella_dissimilis","Rajiformes","Rajidae",81.6,57,42.5,10.2,30,25.1,7.2,"#DIV/0!",13.4,13.8,13.6,2.18,19.9,"0.757","M","Mature","Rajobenthic","Pectoral Undulation"
"Rajella_leoparda","Rajiformes","Rajidae",77.6,47.3,39.8,10.3,19,25.7,5.6,"#DIV/0!",11.8,11.2,11.5,1.54,20.04,"0.786","F","Mature","Rajobenthic","Pectoral Undulation"
"Rajella_leoparda","Rajiformes","Rajidae",57.7,37.9,29.6,8.2,25,18.2,4.4,"#DIV/0!",9.2,8.2,8.7,1.03,15.03,"0.779","F","Juvenile","Rajobenthic","Pectoral Undulation"
"Rajella_leoparda","Rajiformes","Rajidae",72.9,45.8,38.5,9.7,22,24.3,4.9,"#DIV/0!",9.8,10.4,10.1,1.95,20.93,"0.765","F","Mature","Rajobenthic","Pectoral Undulation"
"Rajella_leoparda","Rajiformes","Rajidae",77.5,49.6,42.7,11.7,24,25.4,5.5,"#DIV/0!",12.6,12.8,12.7,2.54,23.41,"0.754","F","Mature","Rajobenthic","Pectoral Undulation"
"Rajella_leoparda","Rajiformes","Rajidae",82.1,54.7,43.5,11,22,25.9,6.5,"#DIV/0!",10.8,11.2,11,2.61,23.91,"0.707","M","Mature","Rajobenthic","Pectoral Undulation"
"Rajella_leoparda","Rajiformes","Rajidae",63.2,41,32.6,7.9,25,20.9,4.8,"#DIV/0!",8.8,8.8,8.8,1.45,17.02,"0.773","M","Juvenile","Rajobenthic","Pectoral Undulation"
"Rajella_leoparda","Rajiformes","Rajidae",66.1,45.1,33.9,7.7,18,19.5,4.9,"#DIV/0!",10.6,11,10.8,1.41,19.5,"0.736","M","Mature","Rajobenthic","Pectoral Undulation"
"Rajella_leoparda","Rajiformes","Rajidae",79,50.9,40.6,9.7,35,22.2,6,"#DIV/0!",10.8,9.8,10.3,2.9,28.01,"0.765","M","Mature","Rajobenthic","Pectoral Undulation"
"Rajella_leoparda","Rajiformes","Rajidae",63.7,43.3,34.6,9,19,20.6,4.8,"#DIV/0!",10.6,10.2,10.4,1.79,19.86,"0.762","M","Juvenile","Rajobenthic","Pectoral Undulation"
"Rajella_leoparda","Rajiformes","Rajidae",79,51.9,41.3,9.5,20,23.3,6.1,"#DIV/0!",12.4,11.8,12.1,2.08,18.2,"0.754","M","Mature","Rajobenthic","Pectoral Undulation"
"Rajella_leoparda","Rajiformes","Rajidae",70.5,49.4,38.6,9.2,21,23.1,5.7,"#DIV/0!",11.4,11.2,11.3,1.95,19.88,"0.672","M","Mature","Rajobenthic","Pectoral Undulation"
"Rajella_lintea","Rajiformes","Rajidae",125.3,83,68.2,18.3,92,40.2,12.2,"#DIV/0!",14.4,14.4,14.4,3.632,31.88,NA,"M","Mature","Rajobenthic","Pectoral Undulation"
"Rhina_ancylostomus","Rhinopristiformes","Rhinidae",136.92,80,53.39,16,170,41,13.5,"2.86",39.6,40,39.8,9.81,49.23,NA,"F","Juvenile","Rhinobenthic","Caudal Propulsion"
"Rhina_ancylostomus","Rhinopristiformes","Rhinidae",130.21,74.6,48.87,15,160,36,11.5,"2.64",35,36.4,35.7,8.68,43.11,NA,"M","Juvenile","Rhinobenthic","Caudal Propulsion"
"Rhina_ancylostomus","Rhinopristiformes","Rhinidae",136.18,64.6,50.51,14.2,153,36,11,"3.2",32.8,33.3,33.05,9.07,41.84,NA,"F","Juvenile","Rhinobenthic","Caudal Propulsion"
"Rhina_ancylostomus","Rhinopristiformes","Rhinidae",97.56,59,38.65,13,133,32,10.5,"3.65",29.6,28.2,28.9,5.94,36.05,NA,"M","Juvenile","Rhinobenthic","Caudal Propulsion"
"Rhina_ancylostomus","Rhinopristiformes","Rhinidae",120.16,61,48.03,13.5,140,32,10,"2.7",28.8,28.8,28.8,7.57,39.14,NA,"F","Juvenile","Rhinobenthic","Caudal Propulsion"
"Rhina_ancylostomus","Rhinopristiformes","Rhinidae",153.85,84.4,62.59,16.8,175,44,13.4,"2.77",37.4,37.8,37.6,9.63,40.76,NA,"F","Juvenile","Rhinobenthic","Caudal Propulsion"
"Rhina_ancylostomus","Rhinopristiformes","Rhinidae",128.12,84.3,54.52,16.5,170,42,13.5,"3.34",39.4,41.6,40.5,7.65,34.31,NA,"F","Juvenile","Rhinobenthic","Caudal Propulsion"
"Rhina_ancylostomus","Rhinopristiformes","Rhinidae",126.34,66.2,49.87,14.8,142,34.4,10.7,"3.3",32.4,33.4,32.9,7.65,39.23,NA,"F","Juvenile","Rhinobenthic","Caudal Propulsion"
"Rhina_ancylostomus","Rhinopristiformes","Rhinidae",154.8,73.2,64.47,14.8,150,36.2,11.4,"2.21",32,34.2,33.1,12.88,48.27,NA,"F","Juvenile","Rhinobenthic","Caudal Propulsion"
"Rhina_ancylostomus","Rhinopristiformes","Rhinidae",134.37,69.3,52.96,13.9,141,35,11.4,"1.82",30,32.4,31.2,8.55,40,NA,"F","Juvenile","Rhinobenthic","Caudal Propulsion"
"Rhina_ancylostomus","Rhinopristiformes","Rhinidae",207.57,114.2,81.15,19.5,230,52.7,16.5,"3.11",50.6,52.6,51.6,12.67,52.59,NA,"M","Mature","Rhinobenthic","Caudal Propulsion"
"Rhina_ancylostomus","Rhinopristiformes","Rhinidae",131.6,72.5,56.2,15.4,132,38.5,12.9,"2.521349",38.2,36.5,37.4444444444444,9.89,42.16,"0.591","F","Juvenile","Rhinobenthic","Caudal Propulsion"
"Rhinobatos_albomaculatus","Rhinopristiformes","Rhinobatidae",88.8,17.1,21.1,7,32,15.1,3.2,"0.7792178856",5.6,5.8,5.7,0.339,12.75,NA,"M","Mature","Rhinobenthic","Caudal Propulsion"
"Rhinobatos_albomaculatus","Rhinopristiformes","Rhinobatidae",61.2,22.2,24.8,8.4,22,16.9,4.3,"1.28436361",8.6,8.4,8.5,0.41,11.94,NA,"F","Mature","Rhinobenthic","Caudal Propulsion"
"Rhinobatos_albomaculatus","Rhinopristiformes","Rhinobatidae",57,30.6,23.1,7.7,24,16.4,4,"0.9829406879",7,7,7,0.414,12.14,NA,"F","Mature","Rhinobenthic","Caudal Propulsion"
"Rhinobatos_albomaculatus","Rhinopristiformes","Rhinobatidae",38.2,14.9,16.2,5.5,15,11.3,2.7,"0.8312838145",5.6,5.6,5.6,0.167,6.73,NA,"F","Juvenile","Rhinobenthic","Caudal Propulsion"
"Rhinobatos_albomaculatus","Rhinopristiformes","Rhinobatidae",74.1,25.1,28.4,10.5,39,21.3,4.9,"0.910374",11.6,11.6,11.6,1.15,17.17,NA,"M","Mature","Rhinobenthic","Caudal Propulsion"
"Rhinobatos_albomaculatus","Rhinopristiformes","Rhinobatidae",69.2,23.4,26.1,9.1,2.9,19.3,4.5,"0.563880",10.4,9.8,10.1,1.4,19.46,"0.701","M","Mature","Rhinobenthic","Caudal Propulsion"
"Rhinobatos_albomaculatus","Rhinopristiformes","Rhinobatidae",75.4,26,29.4,11.1,45,21.7,5.3,"#DIV/0!",10.6,11,10.8,1.25,19.08,"0.690","M","Mature","Rhinobenthic","Caudal Propulsion"
"Rhinobatos_albomaculatus","Rhinopristiformes","Rhinobatidae",65.8,22.6,25.6,8.4,26,15.9,3.9,"0.942875",6.6,6.4,6.5,1.28,20.72,"0.705","M","Mature","Rhinobenthic","Caudal Propulsion"
"Rhinobatos_austini","Rhinopristiformes","Rhinobatidae",113.2,37.7,45.5,16.2,43,31,6.5,"#DIV/0!",16.4,16.2,16.3,3.35,32.18,"0.662","F","Unknown","Rhinobenthic","Caudal Propulsion"
"Rhinobatos_austini","Rhinopristiformes","Rhinobatidae",116.2,38.5,47.6,16,39,32.4,8.1,"0.932480",16.8,16.2,16.5,2.75,26.59,"0.692","F","Unknown","Rhinobenthic","Caudal Propulsion"
"Rhinobatos_austini","Rhinopristiformes","Rhinobatidae",115.2,39.1,46,16,39,32.2,7.4,"1.079303",15,15.2,15.1,3.65,34.23,"0.626","F","Unknown","Rhinobenthic","Caudal Propulsion"
"Rhinobatos_holcorhynchus","Rhinopristiformes","Rhinobatidae",75.6,22.6,29.7,10.8,25,21.4,4.4,"0.792894",9.8,9.8,9.8,1.08,19.67,"0.618","M","Juvenile","Rhinobenthic","Caudal Propulsion"
"Rhinobatos_irvinei","Rhinopristiformes","Rhinobatidae",55.2,18.1,22,7.7,21,17,3.8,"0.7990941623",6.4,6.2,6.3,0.652,14.75,NA,"M","Mature","Rhinobenthic","Caudal Propulsion"
"Rhinobatos_irvinei","Rhinopristiformes","Rhinobatidae",47.9,16.8,19.8,6.7,17,13.6,3.6,"0.7691155456",6.2,6.2,6.2,0.704,15.81,NA,"F","Juvenile","Rhinobenthic","Caudal Propulsion"
"Rhinobatos_irvinei","Rhinopristiformes","Rhinobatidae",32,11.2,13.2,4.5,10,11.4,2.4,"0.7350363355",4.4,4.8,4.6,0.332,11.94,NA,"F","Juvenile","Rhinobenthic","Caudal Propulsion"
"Rhinobatos_irvinei","Rhinopristiformes","Rhinobatidae",58.6,21.3,25.1,8.1,16,17.2,3.8,"1.009588905",7.8,7.8,7.8,0.536,11.32,NA,"F","Subadult","Rhinobenthic","Caudal Propulsion"
"Rhinobatos_irvinei","Rhinopristiformes","Rhinobatidae",69.9,25.4,27.2,8.9,25,19.1,4.9,"0.8533339485",10.4,9.8,10.1,0.866,14.15,NA,"F","Mature","Rhinobenthic","Caudal Propulsion"
"Rhinobatos_irvinei","Rhinopristiformes","Rhinobatidae",55.1,17.1,21.5,7.7,20,17.1,3.4,"0.640738131",7.6,7.8,7.7,0.408,10.41,NA,"M","Mature","Rhinobenthic","Caudal Propulsion"
"Rhinobatos_irvinei","Rhinopristiformes","Rhinobatidae",60.6,30.9,23.3,8.5,22,16.2,3.8,"0.7210978876",7.6,7.2,7.4,0.644,12,NA,"F","Subadult","Rhinobenthic","Caudal Propulsion"
"Rhinobatos_nudidorsalis","Rhinopristiformes","Rhinobatidae",69.22,21,27.71,10.5,43,19.5,4,"1.03",9.6,8.4,9,0.62,12.4,NA,"M","Mature","Rhinobenthic","Caudal Propulsion"
"Rhinobatos_nudidorsalis","Rhinopristiformes","Rhinobatidae",69.83,20,28.34,10.5,25,19.2,4,"0.99",10,10,10,0.76,11.95,NA,"M","Mature","Rhinobenthic","Caudal Propulsion"
"Rhinobatos_orientalis","Rhinopristiformes","Rhinobatidae",85.1,28.4,33.7,12.5,25,24.4,5.4,"0.981361",10.8,11.2,11,1.19,18.19,"0.603","M","Mature","Rhinobenthic","Caudal Propulsion"
"Rhinobatos_orientalis","Rhinopristiformes","Rhinobatidae",79,25.8,31.3,12.1,22,22.9,4.9,"0.618760",9.8,10,9.9,1.68,24.34,"0.627","M","Mature","Rhinobenthic","Caudal Propulsion"
"Rhinobatos_rhinobatos","Rhinopristiformes","Rhinobatidae",93.4,32.6,35.6,11.3,18,34.5,5.7,"1.046229674",12.6,12.8,12.7,1.284,19.09,NA,"F","Mature","Rhinobenthic","Caudal Propulsion"
"Rhinobatos_rhinobatos","Rhinopristiformes","Rhinobatidae",78.5,27.3,29.8,9.1,25,19.9,5,"0.708822695",10.4,10.2,10.3,0.99,13.42,NA,"F","Mature","Rhinobenthic","Caudal Propulsion"
"Rhinobatos_rhinobatos","Rhinopristiformes","Rhinobatidae",88.1,28.6,33,11.3,37,22.5,5.5,"1.061351298",9.8,9.4,9.6,1.562,18.8,NA,"M","Mature","Rhinobenthic","Caudal Propulsion"
"Rhinobatos_rhinobatos","Rhinopristiformes","Rhinobatidae",59.1,19.1,21.7,7.3,19,14.9,3.5,"0.560311284",7.8,7.6,7.7,0.595,11.94,NA,"M","Mature","Rhinobenthic","Caudal Propulsion"
"Rhinobatos_rhinobatos","Rhinopristiformes","Rhinobatidae",56.6,18.4,22.5,7.4,21,17,3.5,"0.5292819466",7.6,7.8,7.7,0.639,11.86,NA,"F","Juvenile","Rhinobenthic","Caudal Propulsion"
"Rhinobatos_rhinobatos","Rhinopristiformes","Rhinobatidae",59.8,19.3,22.5,7.5,22,16.1,4,"1.262906683",8.2,8.4,8.3,1.081,15.53,NA,"F","Juvenile","Rhinobenthic","Caudal Propulsion"
"Rhinobatos_rhinobatos","Rhinopristiformes","Rhinobatidae",63.4,21.9,25.9,8.4,19,17.5,3.8,"0.811154899",9.4,8.8,9.1,1.474,16.8,NA,"F ","Subadult","Rhinobenthic","Caudal Propulsion"
"Rhinobatos_schlegelii","Rhinopristiformes","Rhinobatidae",40.2,14.8,19,7.7,17,13.4,3.2,"#VALUE!",4.6,5.2,4.9,0.33,11.11,"0.551","F","Juvenile","Rhinobenthic","Caudal Propulsion"
"Rhinobatos_schlegelii","Rhinopristiformes","Rhinobatidae",67.4,18.6,25.1,10.3,17,17.4,3.8,"1.362143",7.6,7.6,7.6,0.54,12.55,"0.667","M","Mature","Rhinobenthic","Caudal Propulsion"
"Rhinobatos_schlegelii","Rhinopristiformes","Rhinobatidae",68.2,18.5,25.3,10.2,21,19.1,3.6,"0.781257",7.2,8,7.6,0.95,17.45,"0.645","M","Mature","Rhinobenthic","Caudal Propulsion"
"Rhinobatos_schlegelii","Rhinopristiformes","Rhinobatidae",68.4,22.9,26.6,9.3,27,19,3.6,"0.8964592667",8.4,8.2,8.3,0.53,15.26,"0.689","F","Mature","Rhinobenthic","Caudal Propulsion"
"Rhinoptera_bonasus","Myliobatiformes","Rhinopteridae",63.41,58.3,37.48,NA,95,24.5,7.4,NA,14,13.4,13.7,2.93,31.14,NA,"F","Juvenile","Aquilopelagic","Pectoral Oscillation"
"Rhinoptera_javanica","Myliobatiformes","Rhinopteridae",68.97,69.9,42.87,NA,100,26.7,7.5,NA,16.2,16.8,16.5,7.23,36.5,NA,"M","Juvenile","Aquilopelagic","Pectoral Oscillation"
"Rhinoptera_javanica","Myliobatiformes","Rhinopteridae",NA,86.3,59.8,7.8,138,35,9.1,"#DIV/0!",23.2,23.6,23.4,6.51,34.2,"0.526","M","Juvenile","Aquilopelagic","Pectoral Oscillation"
"Rhinoptera_javanica","Myliobatiformes","Rhinopteridae",108.5,90.8,56.7,10.8,111,36.2,10.2,"#DIV/0!",22.4,20.2,21.3,3.4,62.52,"0.599","F","Juvenile","Aquilopelagic","Pectoral Oscillation"
"Rhinoptera_marginata","Myliobatiformes","Rhinopteridae",70.1,63.8,40.2,5.7,104,25.6,6.8,"#DIV/0!",16.6,15.6,16.1,1.797,20.69,NA,"M","Mature","Aquilopelagic","Pectoral Oscillation"
"Rhinoptera_marginata","Myliobatiformes","Rhinopteridae",79.4,48.9,30,4,62,20,5.5,"#DIV/0!",11.2,11,11.1,1.109,15.02,NA,"F","Juvenile","Aquilopelagic","Pectoral Oscillation"
"Rhinoptera_marginata","Myliobatiformes","Rhinopteridae",63,79,47,6,110,28,9.8,"#DIV/0!",19,18.8,18.9,2.044,20.66,NA,"F","Subadult","Aquilopelagic","Pectoral Oscillation"
"Rhinoptera_marginata","Myliobatiformes","Rhinopteridae",63.2,65.5,42.2,6.3,110,22.7,7.5,"#DIV/0!",18.4,18.4,18.4,2.532,24.97,NA,"M","Mature","Aquilopelagic","Pectoral Oscillation"
"Rhinoptera_marginata","Myliobatiformes","Rhinopteridae",53.5,32.1,19.9,4,40,13.7,4,"#DIV/0!",8.2,8.6,8.4,0.798,10.71,NA,"F","Juvenile","Aquilopelagic","Pectoral Oscillation"
"Rhinoraja_kujiensis","Rajiformes","Arhynchobatidae",88.38,59.2,44.26,9.7,67,25.5,6.3,NA,NA,17,17,1.49,25.67,NA,"M","Mature","Rajobenthic","Pectoral Undulation"
"Rhynchobatus_australiae","Rhinopristiformes","Rhinidae",97.99,30.6,39.59,14.7,68,28.2,5.9,"2.1",13.2,12,12.6,1.98,19.12,NA,"F","Juvenile","Rhinobenthic","Caudal Propulsion"
"Rhynchobatus_australiae","Rhinopristiformes","Rhinidae",117.96,39.5,40.36,19.2,90,36,6.8,"1.59",20.4,19.4,19.9,4.45,33.5,NA,"F","Juvenile","Rhinobenthic","Caudal Propulsion"
"Rhynchobatus_cooki","Rhinopristiformes","Rhinidae",27.5,10,13.5,5.9,19,10.3,2,"1.47",3.8,3.8,3.8,0.14,4.74,"0.511","F","Juvenile","Rhinobenthic","Caudal Propulsion"
"Rhynchobatus_laevis","Rhinopristiformes","Rhinidae",48.92,16,20.09,6.3,47,15.9,3.5,"1.08",7.6,8.4,8,0.9,13,NA,"F","Juvenile","Rhinobenthic","Caudal Propulsion"
"Rhynchobatus_springeri","Rhinopristiformes","Rhinidae",112.36,37,45.68,16.7,80,33.5,6.2,"1.97",17.2,17.9,17.55,3.45,25.42,NA,"M","Subadult","Rhinobenthic","Caudal Propulsion"
"Rostroraja_alba","Rajiformes","Rajidae",46.5,34.3,24.4,7.7,22,15.1,4.1,"#DIV/0!",7,7,7,0.8,13.94,"0.658","F","Juvenile","Rajobenthic","Pectoral Undulation"
"Rostroraja_alba","Rajiformes","Rajidae",35.4,26.8,18.6,4.9,18,11.9,3.1,"#DIV/0!",5.2,5,5.1,0.51,11.27,"0.615","F","Juvenile","Rajobenthic","Pectoral Undulation"
"Rostroraja_alba","Rajiformes","Rajidae",44.7,35.7,24,6.8,22,13.9,4.5,"#DIV/0!",7.6,7.2,7.4,0.96,13.79,"0.612","M","Juvenile","Rajobenthic","Pectoral Undulation"
"Rostroraja_alba","Rajiformes","Rajidae",38.2,29.2,20.2,6.1,18,12.8,3.5,"#DIV/0!",6.6,7,6.8,0.69,12.53,"0.638","M","Juvenile","Rajobenthic","Pectoral Undulation"
"Rostroraja_alba","Rajiformes","Rajidae",45.5,36,24.1,7.5,23,15.6,4.8,"#DIV/0!",6.8,7.2,7,0.65,13.72,"0.661","F","Juvenile","Rajobenthic","Pectoral Undulation"
"Rostroraja_equatorialis","Rajiformes","Rajidae",36.6,20.8,18.4,4.8,18,11.1,2.8,"#VALUE!",7.2,7.2,7.2,0.44,10.32,"0.799","F","Juvenile","Rajobenthic","Pectoral Undulation"
"Rostroraja_equatorialis","Rajiformes","Rajidae",47.8,34.5,27.1,7.8,24,16.2,4.2,"#VALUE!",9.8,9.8,9.8,0.69,13.43,"0.690","M","Mature","Rajobenthic","Pectoral Undulation"
"Sinobatis_borneensis","Rajiformes","Anacanthobatidae",18.1,11,10.5,3.2,9,5,0.9,"#DIV/0!",0.8,0.9,0.85,0.009,1.22,NA,"M","Subadult","Rajobenthic","Pectoral Undulation"
"Sinobatis_brevicauda","Rajiformes","Anacanthobatidae",57.8,42.3,44,16.7,28,23.8,4.7,"#DIV/0!",5.2,5.2,5.2,0.221,5.4,"0.89","F","Unk","Rajobenthic","Pectoral Undulation"
"Sinobatis_brevicauda","Rajiformes","Anacanthobatidae",55.8,38.2,42.4,16.6,28,23.7,4.2,"#DIV/0!",5.6,5,5.3,0.059,3.59,"0.862","F","Unk","Rajobenthic","Pectoral Undulation"
"Sympterygia_bonapartii","Rajiformes","Arhynchobatidae",70.5,47.1,35,9.6,41,19.3,4.2,"#DIV/0!",15,15.2,15.1,1.15,16.95,NA,"F","Mature","Rajobenthic","Pectoral Undulation"
"Sympterygia_bonapartii","Rajiformes","Arhynchobatidae",51,37.2,28.4,8.2,35,15.1,4.2,"#DIV/0!",10.8,10.4,10.6,0.27,11.42,NA,"F","Juvenile","Rajobenthic","Pectoral Undulation"
"Sympterygia_bonapartii","Rajiformes","Arhynchobatidae",66.8,45.7,35,9.4,41,18.5,5,"#DIV/0!",11.6,12.4,12,0.896,15.79,NA,"F","Mature","Rajobenthic","Pectoral Undulation"
"Sympterygia_bonapartii","Rajiformes","Arhynchobatidae",53.6,36.7,28.8,8.2,32,16.7,4.6,"#DIV/0!",11,11.4,11.2,0.655,13.82,NA,"F","Juvenile","Rajobenthic","Pectoral Undulation"
"Sympterygia_bonapartii","Rajiformes","Arhynchobatidae",73.2,46.7,35.2,10,40,21.9,4.9,"#DIV/0!",16.4,15.8,16.1,1.214,17.42,NA,"F","Mature","Rajobenthic","Pectoral Undulation"
"Sympterygia_brevicaudata","Rajiformes","Arhynchobatidae",44.6,33.7,26.6,6.4,34,16.7,4.5,"#DIV/0!",15,14.8,14.9,0.747,13.95,"0.756","M","Mature","Rajobenthic","Pectoral Undulation"
"Taeniura_lymma","Myliobatiformes","Dasyatidae",49.74,19,22.1,4.2,39,10.2,2.3,NA,9.6,9.4,9.5,1.39,19.21,NA,"F","Juvenile","Rajobenthic","Pectoral Undulation"
"Taeniura_lymma","Myliobatiformes","Dasyatidae",24.67,10.8,11.33,2.3,24,5.9,1.3,NA,4.4,4.4,4.4,0.31,9.27,NA,"M","Juvenile","Rajobenthic","Pectoral Undulation"
"Taeniura_lymma","Myliobatiformes","Dasyatidae",33.83,14,14.96,3.4,25,9.5,1.5,NA,6,6.2,6.1,0.48,14.17,NA,"M","Juvenile","Rajobenthic","Pectoral Undulation"
"Taeniura_lymma","Myliobatiformes","Dasyatidae",61.2,25.4,28.3,5,23,12.3,3,"#DIV/0!",8.4,9.2,8.8,1.81,23.35,"0.818","M","Mature","Rajobenthic","Pectoral Undulation"
"Taeniura_lymma","Myliobatiformes","Dasyatidae",38.5,17.9,19.3,3.8,16,8.8,1.9,"#DIV/0!",6.6,6.6,6.6,0.39,8.82,"0.723","M","Juvenile","Rajobenthic","Pectoral Undulation"
"Taeniura_lymma","Myliobatiformes","Dasyatidae",30.7,13.5,14.7,2.5,11,7.5,1.5,"#DIV/0!",4,4.4,4.2,0.49,10.99,"0.740","F","Juvenile","Rajobenthic","Pectoral Undulation"
"Taeniura_lymma","Myliobatiformes","Dasyatidae",45.9,19.2,18.9,3.8,18,7.9,2,"0.1471614168",9,6.8,7.9,0.911,13.36,"0.846","F","Subadult","Rajobenthic","Pectoral Undulation"
"Taeniurops_grabatus","Myliobatiformes","Dasyatidae",85,78.8,70.5,16.8,105,29.5,6,"#DIV/0!",25,25.8,25.4,4.211,39.21,NA,"F","Subadult","Rajobenthic","Pectoral Undulation"
"Taeniurops_grabatus","Myliobatiformes","Dasyatidae",141.7,88.2,78.2,18.6,130,33.1,7,"#DIV/0!",30.2,32.2,31.2,9.875,55.8,NA,"M","Subadult","Rajobenthic","Pectoral Undulation"
"Taeniurops_meyeni","Myliobatiformes","Dasyatidae",186.4,140,127.2,27.4,146,46.4,11.5,"#DIV/0!",42.8,45,43.9,NA,NA,NA,"F","Subadult","Rajobenthic","Pectoral Undulation"
"Telatrygon_crozieri","Myliobatiformes","Dasyatidae",80.5,31.8,33.4,10.5,35,16.9,3.1,"#DIV/0!",8.8,9,8.9,1.274,17.7,NA,"F","Subadult","Rajobenthic","Pectoral Undulation"
"Telatrygon_zugei","Myliobatiformes","Dasyatidae",37.91,16,16.3,5.1,27,10,1.5,NA,4.2,5.4,4.8,0.61,14.46,NA,"M","Juvenile","Rajobenthic","Pectoral Undulation"
"Telatrygon_zugei","Myliobatiformes","Dasyatidae",29.82,13,12.95,4.3,22,8.2,1.3,NA,4,4.4,4.2,0.45,11.38,NA,"M","Juvenile","Rajobenthic","Pectoral Undulation"
"Telatrygon_zugei","Myliobatiformes","Dasyatidae",33.6,14,13.6,4.1,24,9,2.2,"#DIV/0!",4.2,4.2,4.2,0.136,7.16,NA,"F","Immature","Rajobenthic","Pectoral Undulation"
"Telatrygon_zugei","Myliobatiformes","Dasyatidae",59.6,21.1,21.6,7.2,20,10.4,2.3,"#DIV/0!",8.4,7.8,8.1,0.684,13.57,NA,"F","Subadult","Rajobenthic","Pectoral Undulation"
"Telatrygon_zugei","Myliobatiformes","Dasyatidae",38.2,14.8,14.9,5.1,15,8.3,1.5,"#DIV/0!",4.4,4.4,4.4,0.194,9.71,NA,"F","Juvenile","Rajobenthic","Pectoral Undulation"
"Temera_hardwickii","Torpediniformes","Narkidae",11.6,5.3,7.4,1.2,6,3.4,0.7,"1.18770004",1.5,1.5,1.5,0.036,2.81,NA,"M","Mature","Torpedobenthic","Caudal Propulsion"
"Temera_hardwickii","Torpediniformes","Narkidae",13.7,7.4,6.7,1.3,8,3.7,1,"0.8167297399",2.4,2.4,2.4,0.025,2.03,NA,"F","Mature","Torpedobenthic","Caudal Propulsion"
"Temera_hardwickii","Torpediniformes","Narkidae",10.4,5.4,5.7,1.1,7,2.9,0.9,"0.973372871",1.3,1.5,1.4,0.026,2.13,NA,"M","Mature","Torpedobenthic","Caudal Propulsion"
"Temera_hardwickii","Torpediniformes","Narkidae",13.1,7.8,7.2,1.2,17,4.3,1,"1.126691676",1.8,1.8,1.8,0.028,2.45,NA,"F","Mature","Torpedobenthic","Caudal Propulsion"
"Tetronarce_californica","Torpediniformes","Torpedinidae",74.24,57,43.63,7.1,64,26,7.5,"1.79",22.8,21.8,22.3,2.84,25.26,NA,"F","Mature","Torpedobenthic","Caudal Propulsion"
"Tetronarce_californica","Torpediniformes","Torpedinidae",69.53,42.1,36.64,6.7,54,20.5,5.7,"2.13",20.2,20.2,20.2,1.72,22.36,NA,"F","Juvenile","Torpedobenthic","Caudal Propulsion"
"Tetronarce_californica","Torpediniformes","Torpedinidae",63.83,50,36.64,6.2,57,24.3,6.9,"1.62",21.4,20,20.7,1.87,19.14,NA,"M","Subadult","Torpedobenthic","Caudal Propulsion"
"Tetronarce_californica","Torpediniformes","Torpedinidae",96.47,70,57.45,8.5,81,35,7.7,"1.88",28.2,30.4,29.3,4.18,31.85,NA,"F","Mature","Torpedobenthic","Caudal Propulsion"
"Tetronarce_californica","Torpediniformes","Torpedinidae",104.85,64.5,51.78,8.2,85,29.4,10.2,"1.63",30.6,30.2,30.4,5.85,34.65,NA,"F","Mature","Torpedobenthic","Caudal Propulsion"
"Tetronarce_californica","Torpediniformes","Torpedinidae",98.93,71,53.28,8.9,82,30,8.8,"2.2",30.4,31.8,31.1,5.16,33.96,NA,"F","Mature","Torpedobenthic","Caudal Propulsion"
"Tetronarce_californica","Torpediniformes","Torpedinidae",67.49,43.5,35.43,6.3,50,20.5,5.4,"2.01",14.8,16.4,15.6,0.92,12.9,NA,"F","Juvenile","Torpedobenthic","Caudal Propulsion"
"Tetronarce_californica","Torpediniformes","Torpedinidae",33.57,23.3,20.04,2.7,30,11.8,2.8,"1.73",9.8,9.6,9.7,0.45,10.61,NA,"F","Juvenile","Torpedobenthic","Caudal Propulsion"
"Tetronarce_californica","Torpediniformes","Torpedinidae",28.12,19,15.31,2.1,27,8.4,2.3,"1.56",8,8.4,8.2,0.36,8.33,NA,"M","Juvenile","Torpedobenthic","Caudal Propulsion"
"Tetronarce_cowleyi","Torpediniformes","Torpedinidae",39.6,27.8,22.6,3.8,18,12.7,4.3,"1.940859",11.2,12.2,11.7,1.27,17.38,"0.894","M","Juvenile","Torpedobenthic","Caudal Propulsion"
"Tetronarce_cowleyi","Torpediniformes","Torpedinidae",66.5,43.2,35.9,7.1,27,17.9,4.9,"2.169507",14.4,15.4,14.9,2.99,23.26,"0.917","M","Mature","Torpedobenthic","Caudal Propulsion"
"Tetronarce_cowleyi","Torpediniformes","Torpedinidae",36.4,24.5,20.6,3,14,10.9,2.5,"1.932178",7.6,9.2,8.4,0.6,10.52,"0.916","M","Juvenile","Torpedobenthic","Caudal Propulsion"
"Tetronarce_cowleyi","Torpediniformes","Torpedinidae",38.9,26.5,21,3.8,17,11.9,3.2,"1.586765",9.8,10,9.9,0.43,10.85,"0.943","M","Juvenile","Torpedobenthic","Caudal Propulsion"
"Tetronarce_cowleyi","Torpediniformes","Torpedinidae",110.2,69.9,59.4,9.6,62,28.8,7.8,"1.909202",27,26,26.5,2.01,30.66,"0.899","F","Mature","Torpedobenthic","Caudal Propulsion"
"Tetronarce_cowleyi","Torpediniformes","Torpedinidae",48.1,32.5,27.4,4.5,25,15.3,4.2,"2.168750",12.4,13,12.7,1.15,17.65,NA,"M","Juvenile","Torpedobenthic","Caudal Propulsion"
"Tetronarce_cowleyi","Torpediniformes","Torpedinidae",45.2,30.1,25,4,19,13.6,4.3,"1.815879",10.8,10.6,10.7,0.74,14.56,NA,"M","Juvenile","Torpedobenthic","Caudal Propulsion"
"Tetronarce_cowleyi","Torpediniformes","Torpedinidae",33.5,21.5,18.1,3.3,12,9.4,2.1,"1.844173",8.4,9,8.7,0.74,12.53,"0.922","M","Juvenile","Torpedobenthic","Caudal Propulsion"
"Tetronarce_nobiliana","Torpediniformes","Torpedinidae",96,67.1,53.6,7.5,46,26.1,7,"1.972326191",25,25,25,1.475,23.66,"0.913","F","Mature","Torpedobenthic","Caudal Propulsion"
"Tetronarce_nobiliana","Torpediniformes","Torpedinidae",142.8,99.4,79.8,10.5,96,37.5,11,"2.002812545",43.4,42,42.7,1.629,29.72,"0.963","F","Mature","Torpedobenthic","Caudal Propulsion"
"Tetronarce_nobiliana","Torpediniformes","Torpedinidae",62.5,39.9,32.6,4.3,34,17.1,4.8,"1.876620158",12.8,15.4,14.1,0.992,17.24,NA,"F","Juvenile","Torpedobenthic","Caudal Propulsion"
"Tetronarce_nobiliana","Torpediniformes","Torpedinidae",81.2,52,44.9,6.3,30,22.5,7.7,"1.925116068",16.2,15.4,15.8,1.277,15.15,NA,"M","Mature","Torpedobenthic","Caudal Propulsion"
"Tetronarce_puelcha","Torpediniformes","Torpedinidae",61,40.9,31.9,4.3,18,17.6,4,"1.760554594",13.2,14,13.6,0.228,9.06,NA,"M","Mature","Torpedobenthic","Caudal Propulsion"
"Tetronarce_puelcha","Torpediniformes","Torpedinidae",64.8,42.3,35.5,4.9,25,19,5,"1.62258024",15.2,15.4,15.3,0.233,8.63,NA,"F","Juvenile","Torpedobenthic","Caudal Propulsion"
"Torpedo_fuscomaculata","Torpediniformes","Torpedinidae",64.7,44.8,37.1,5.7,36,18.5,5,"1.534644",18.2,18.2,18.2,2.6,21.07,"0.947","F","Mature","Torpedobenthic","Caudal Propulsion"
"Torpedo_fuscomaculata","Torpediniformes","Torpedinidae",25,16.3,13.3,2.2,11,7.1,1.6,"1.714942",6.4,6.4,6.4,0.32,5.9,"0.958","M","Juvenile","Torpedobenthic","Caudal Propulsion"
"Torpedo_fuscomaculata","Torpediniformes","Torpedinidae",28.8,19.2,15.2,2.2,13,7.6,1.7,"1.687351",6.4,6.2,6.3,0.58,9.48,"0.956","M","Juvenile","Torpedobenthic","Caudal Propulsion"
"Torpedo_fuscomaculata","Torpediniformes","Torpedinidae",30.6,21.1,17.6,2.4,16,9.2,1.8,"1.895865",8.2,9,8.6,0.95,11.63,"0.939","M","Juvenile","Torpedobenthic","Caudal Propulsion"
"Torpedo_fuscomaculata","Torpediniformes","Torpedinidae",32.8,22.4,18.9,2.7,16,10.1,1.9,"1.597391",7.4,7.6,7.5,0.58,9.07,"0.947","M","Juvenile","Torpedobenthic","Caudal Propulsion"
"Torpedo_fuscomaculata","Torpediniformes","Torpedinidae",36.2,25.2,20.7,2.8,18,9.5,2.3,"1.358324",9.8,9.8,9.8,0.41,8.8,"0.959","M","Subadult","Torpedobenthic","Caudal Propulsion"
"Torpedo_fuscomaculata","Torpediniformes","Torpedinidae",41,26.5,22.4,3.4,3.8,9.7,4,"1.693256",10.6,11.2,10.9,1.53,16.36,"0.934","M","Mature","Torpedobenthic","Caudal Propulsion"
"Torpedo_fuscomaculata","Torpediniformes","Torpedinidae",19.1,12.9,11.2,2.1,10,5.7,1.3,"1.858262",3.8,4,3.9,0.62,9.16,"0.836","F","Juvenile","Torpedobenthic","Caudal Propulsion"
"Torpedo_fuscomaculata","Torpediniformes","Torpedinidae",23.2,15.2,12.6,2,12,5.6,1.2,"1.527497",5.8,5.6,5.7,0.82,10.64,"0.960","M","Juvenile","Torpedobenthic","Caudal Propulsion"
"Torpedo_fuscomaculata","Torpediniformes","Torpedinidae",50,32.7,27.6,3.9,26,13.1,2.9,"1.400615",11.4,11.8,11.6,2.81,23.03,"0.935","M","Mature","Torpedobenthic","Caudal Propulsion"
"Torpedo_fuscomaculata","Torpediniformes","Torpedinidae",44.3,28.9,24.1,3.8,24,10.9,3.4,"#DIV/0!",11.6,11.8,11.7,NA,NA,NA,"M","Mature","Torpedobenthic","Caudal Propulsion"
"Torpedo_fuscomaculata","Torpediniformes","Torpedinidae",45.9,30.6,24.5,3.6,24,10.7,4.3,"1.701863",12.25,11.6,11.8888888888889,2.66,21.86,"0.880","M","Mature","Torpedobenthic","Caudal Propulsion"
"Torpedo_fuscomaculata","Torpediniformes","Torpedinidae",29.1,17.6,15.8,2.4,15,8.6,2.2,"1.794225",5.8,6.2,6,0.47,9.43,"0.918","M","Juvenile","Torpedobenthic","Caudal Propulsion"
"Torpedo_fuscomaculata","Torpediniformes","Torpedinidae",25.9,17,14.5,2.2,12,6.5,1.5,"1.691488",6.2,6.4,6.3,0.79,11.62,"0.928","F","Juvenile","Torpedobenthic","Caudal Propulsion"
"Torpedo_mackayana","Torpediniformes","Torpedinidae",28.4,17.3,15.6,1.9,14,6.4,1.9,"1.654506",6.6,5.8,6.2,0.72,11.98,"0.920","F","Juvenile","Torpedobenthic","Caudal Propulsion"
"Torpedo_mackayana","Torpediniformes","Torpedinidae",36.6,21.9,19.4,2.3,18,8.6,2.3,"1.588694",10,10.6,10.3,1.9,17.32,"0.901","F","Mature","Torpedobenthic","Caudal Propulsion"
"Torpedo_mackayana","Torpediniformes","Torpedinidae",36.9,21.4,19.9,2.5,20,8.6,2.1,"1.380850",8.4,8.4,8.4,0.94,12.05,"0.886","F","Mature","Torpedobenthic","Caudal Propulsion"
"Torpedo_marmorata","Torpediniformes","Torpedinidae",64.2,43.5,38.7,5.4,34,26,4.4,"1.853946771",16.4,16,16.2,0.687,11.17,NA,"F","Mature","Torpedobenthic","Caudal Propulsion"
"Torpedo_marmorata","Torpediniformes","Torpedinidae",71.4,49.4,40.4,5.9,38,20.1,5.2,"1.599745772",20,21.2,20.6,0.685,10.45,NA,"F","Mature","Torpedobenthic","Caudal Propulsion"
"Torpedo_marmorata","Torpediniformes","Torpedinidae",36.4,25.3,20.1,2.9,16,8.7,2.2,"1.594556",9,8.4,8.7,0.9,12.36,"0.854","M","Mature","Torpedobenthic","Caudal Propulsion"
"Torpedo_sinuspersici","Torpediniformes","Torpedinidae",46.4,31.9,25.6,3.4,27,11.7,2.7,"1.649671",10.75,10.8,10.7777777777778,0.92,11.09,"0.919","F","Mature","Torpedobenthic","Caudal Propulsion"
"Torpedo_sinuspersici","Torpediniformes","Torpedinidae",57.6,38.2,32.6,5,35,15.3,3.6,"1.275947",13.6,13.2,13.4,3.61,23.69,"0.925","F","Mature","Torpedobenthic","Caudal Propulsion"
"Torpedo_sinuspersici","Torpediniformes","Torpedinidae",39.5,26.6,21.9,3.8,22,10.2,2.7,"1.218583",12.4,11.2,11.8,0.8,11.73,"0.918","M","Mature","Torpedobenthic","Caudal Propulsion"
"Torpedo_sinuspersici","Torpediniformes","Torpedinidae",37.2,26.2,21.7,3.7,22,10.6,2.3,"#DIV/0!",11,10.8,10.9,0.83,13.36,"0.832","M","Mature","Torpedobenthic","Caudal Propulsion"
"Torpedo_sinuspersici","Torpediniformes","Torpedinidae",39.4,23.2,24.8,3.6,19,10.3,1.9,"#DIV/0!",10.2,10,10.1,NA,NA,"No photo","F","Subadult","Torpedobenthic","Caudal Propulsion"
"Torpedo_sinuspersici","Torpediniformes","Torpedinidae",27.2,16.3,14.2,2.1,14,6.2,1.7,"1.502762",7.2,7.2,7.2,0.55,9.79,"0.937","M","Immature","Torpedobenthic","Caudal Propulsion"
"Torpedo_sinuspersici","Torpediniformes","Torpedinidae",46.8,28.2,24.2,3.8,27,11.1,3.6,"1.371482",10.4,11,10.7,1.78,17.12,"0.967","F","Mature","Torpedobenthic","Caudal Propulsion"
"Torpedo_sinuspersici","Torpediniformes","Torpedinidae",23.1,15.2,12.5,1.7,13,6.1,1.3,"1.298947",5.2,5.8,5.5,0.43,9.15,"0.908","M","Juvenile","Torpedobenthic","Caudal Propulsion"
"Torpedo_sinuspersici","Torpediniformes","Torpedinidae",45.3,30.1,26.1,4.2,25,12.3,2.8,"1.432460",12.6,13.2,12.9,0.67,11.29,"0.934","F","Mature","Torpedobenthic","Caudal Propulsion"
"Torpedo_torpedo","Torpediniformes","Torpedinidae",29.9,18.1,16.1,2.2,15,7.9,1.4,"1.421528",7.2,7.4,7.3,0.28,6.46,"0.918","F","Mature","Torpedobenthic","Caudal Propulsion"
"Torpedo_torpedo","Torpediniformes","Torpedinidae",32,21,17.4,2.6,15,8.3,1.8,"1.644657",6.6,6.8,6.7,0.42,10.49,"0.873","F","Mature","Torpedobenthic","Caudal Propulsion"
"Torpedo_torpedo","Torpediniformes","Torpedinidae",41,26.2,22.6,23.2,18,10.3,2.2,"1.426321",10,10.2,10.1,0.58,11.48,"0.837","F","Mature","Torpedobenthic","Caudal Propulsion"
"Torpedo_torpedo","Torpediniformes","Torpedinidae",27.9,17.1,14.6,2.2,14,7.3,1.4,"1.805675",5.4,6,5.7,0.38,8.23,"0.896","M","Mature","Torpedobenthic","Caudal Propulsion"
"Torpedo_torpedo","Torpediniformes","Torpedinidae",29.5,17.6,15.9,2.1,14,7.2,18,"1.561502",6.6,7,6.8,0.44,8.76,"0.909","F","Mature","Torpedobenthic","Caudal Propulsion"
"Torpedo_torpedo","Torpediniformes","Torpedinidae",25.8,14.9,13.6,2.2,12,7.3,1.5,"#DIV/0!",4,4,4,NA,NA,NA,"F","Mature","Torpedobenthic","Caudal Propulsion"
"Torpedo_torpedo","Torpediniformes","Torpedinidae",22.2,13.2,12.1,1.8,11,6.9,1.1,"1.645208",4.2,5.4,4.8,0.33,7.01,"0.888","F","Subadult","Torpedobenthic","Caudal Propulsion"
"Torpedo_torpedo","Torpediniformes","Torpedinidae",26.4,14.7,12.7,2,14,6.8,2.1,"#DIV/0!",4.8,6.2,5.5,NA,NA,NA,"M","Mature","Torpedobenthic","Caudal Propulsion"
"Torpedo_torpedo","Torpediniformes","Torpedinidae",27.5,14.2,12.9,1.9,11,6.7,1.7,"1.238203",4.8,5.8,5.3,0.45,8.32,"0.928","M","Mature","Torpedobenthic","Caudal Propulsion"
"Trygonoptera_ovalis","Myliobatiformes","Urolophidae",36,18.3,19.4,3.4,16,8.8,2.5,"0.5161735603",7,7.2,7.1,0.834,14.71,"0.874","F","Juvenile","Rajobenthic","Pectoral Undulation"
"Urobatis_halleri","Myliobatiformes","Urotrygonidae",31,19,18.1,3.4,18,8.6,2.7,"0.45",5.8,5.6,5.7,0.61,13.09,"0.935","M","Mature","Rajobenthic","Pectoral Undulation"
"Urobatis_halleri","Myliobatiformes","Urotrygonidae",35.9,21.2,20.9,3.9,26,9.4,2.4,"0.57",6.4,7,6.7,0.43,12.21,"0.802","M","Mature","Rajobenthic","Pectoral Undulation"
"Urobatis_halleri","Myliobatiformes","Urotrygonidae",29.6,16.1,17.3,3.5,18,9.8,2,"0.55",4.6,4.4,4.5,0.55,11.81,"0.859","F","Mature","Rajobenthic","Pectoral Undulation"
"Urobatis_halleri","Myliobatiformes","Urotrygonidae",29.3,16.2,16.4,3.5,20,10.1,2,"#DIV/0!",7.8,7.6,7.7,0.306,8.4,NA,"M","Mature","Rajobenthic","Pectoral Undulation"
"Urobatis_halleri","Myliobatiformes","Urotrygonidae",31.4,20,18.3,3.4,20,6.8,2.1,"#DIV/0!",5.8,6,5.9,0.781,14,NA,"F","Mature","Rajobenthic","Pectoral Undulation"
"Urobatis_jamaicensis","Myliobatiformes","Urotrygonidae",27.6,13.9,15.1,3.3,14,6.1,1.9,"0.4868866302",7,6,6.5,0.497,11.42,NA,"M","Mature","Rajobenthic","Pectoral Undulation"
"Urobatis_jamaicensis","Myliobatiformes","Urotrygonidae",25.4,12.8,13.1,3.2,8,5.5,2.6,"#DIV/0!",5,5,5,0.082,5.09,NA,"Male","Juvenile","Rajobenthic","Pectoral Undulation"
"Urobatis_jamaicensis","Myliobatiformes","Urotrygonidae",28.3,14.2,15.2,3.2,11,7.2,2.1,"0.4571787724",5.4,6,5.7,0.252,8.65,NA,"M","Mature","Rajobenthic","Pectoral Undulation"
"Urobatis_jamaicensis","Myliobatiformes","Urotrygonidae",33.6,17.2,19.2,3.8,27,8,2.2,"0.4068705259",6.8,6.2,6.5,0.451,11.54,NA,"F","Mature","Rajobenthic","Pectoral Undulation"
"Urogymnus_asperrimus","Myliobatiformes","Dasyatidae",83.38,56.4,56.37,11.9,100,24.3,5,NA,23.4,21,22.2,8.73,50.93,NA,"M","Adult","Rajobenthic","Pectoral Undulation"
"Urolophus_deforgesi","Myliobatiformes","Urolophidae",20.9,14.3,12.7,2.6,12,5,1.2,"0.3007031323",5.2,5,5.1,0.147,5.47,NA,"M","Subadult","Rajobenthic","Pectoral Undulation"
"Urolophus_deforgesi","Myliobatiformes","Urolophidae",26.2,17.1,13.9,3.1,21,5.6,1.6,"0.3686222628",6.2,5.4,5.8,0.203,9.54,NA,"F","Unk","Rajobenthic","Pectoral Undulation"
"Urolophus_deforgesi","Myliobatiformes","Urolophidae",28.8,18.8,15.5,3.5,13,6.7,1.9,"0.4025607016",6.2,5.4,5.8,0.351,9.96,NA,"M","Mature","Rajobenthic","Pectoral Undulation"
"Urolophus_deforgesi","Myliobatiformes","Urolophidae",31.7,20.5,17,3.9,14,7.1,1.8,"0.3354224698",6,6,6,0.339,10.2,NA,"F","Unk","Rajobenthic","Pectoral Undulation"
"Urolophus_deforgesi","Myliobatiformes","Urolophidae",34.6,22.2,19.6,4.1,14,9.3,2.5,"0.3459531103",6.6,6.6,6.6,0.355,8.81,NA,"F","Subadult","Rajobenthic","Pectoral Undulation"
"Urolophus_neocaledoniensis","Myliobatiformes","Urolophidae",37,23.9,22.5,4.9,19,9.6,2.6,"0.53336685",7.4,7.8,7.6,0.505,13.79,NA,"M","Mature","Rajobenthic","Pectoral Undulation"
"Urolophus_neocaledoniensis","Myliobatiformes","Urolophidae",36.1,24.1,21.2,4.4,20,10.6,2.2,"0.4373570298",6.6,6.8,6.7,0.478,12.39,NA,"M","Mature","Rajobenthic","Pectoral Undulation"
"Urolophus_neocaledoniensis","Myliobatiformes","Urolophidae",35.1,23.5,20.8,4,18,9.4,2.5,"0.5865006944",8.6,8.6,8.6,0.565,13.53,NA,"F","Subadult","Rajobenthic","Pectoral Undulation"
"Urolophus_neocaledoniensis","Myliobatiformes","Urolophidae",23.8,16.6,14.1,3.6,12,6.4,1.8,"0.5898709832",5,5,5,0.349,9.23,NA,"F","Juvenile","Rajobenthic","Pectoral Undulation"
"Urolophus_neocaledoniensis","Myliobatiformes","Urolophidae",28.8,18.5,16.6,3.6,17,6.5,1.8,"0.6270726861",4.8,4.8,4.8,0.277,8.56,NA,"M","Juvenile","Rajobenthic","Pectoral Undulation"
"Urolophus_papilio","Myliobatiformes","Urolophidae",40.2,30.3,25.8,7,2.1,11.8,3.6,"0.4425277702",8.8,7,7.9,0.588,15.11,NA,"M","Mature","Rajobenthic","Pectoral Undulation"
"Urolophus_papilio","Myliobatiformes","Urolophidae",29.4,23,17.8,4.5,16,7.6,2.3,"0.4716412844",6.8,7,6.9,0.168,6.85,NA,"F","Unk","Rajobenthic","Pectoral Undulation"
"Urolophus_papilio","Myliobatiformes","Urolophidae",30,23.9,18.5,5.2,16,9.1,2.5,"0.406770801",6.8,6.8,6.8,0.346,11.01,NA,"F","Unk","Rajobenthic","Pectoral Undulation"
"Urolophus_papilio","Myliobatiformes","Urolophidae",26.5,19.8,16.9,5,12,7.8,3,"0.4478053435",5.8,5.6,5.7,0.089,5.96,NA,"F","Unk","Rajobenthic","Pectoral Undulation"
"Urolophus_papilio","Myliobatiformes","Urolophidae",26.7,20.9,16.8,4.7,17,8.2,2.2,"#DIV/0!",6.2,6,6.1,0.304,10.04,NA,"M","Juvenile","Rajobenthic","Pectoral Undulation"
"Urotrygon_chilensis","Myliobatiformes","Urotrygonidae",25.2,13.4,12.6,2.8,16,6.4,1.5,"0.168390386",4.2,4.2,4.2,0.37,7.8,"0.902","M","Mature","Rajobenthic","Pectoral Undulation"
"Urotrygon_chilensis","Myliobatiformes","Urotrygonidae",22.3,14.3,13.1,3.2,28,7.3,1.6,"0.4725057766",5.6,5.2,5.4,0.328,8.13,"0.941","F","Mature","Rajobenthic","Pectoral Undulation"
"Urotrygon_chilensis","Myliobatiformes","Urotrygonidae",25.6,14.4,12.3,3.4,14,5.9,1.3,"0.2821700405",4,4.2,4.1,0.089,5.01,"0.851","F","Juvenile","Rajobenthic","Pectoral Undulation"
"Urotrygon_chilensis","Myliobatiformes","Urotrygonidae",25.2,14,12.5,3.6,14,6.1,1.5,"0.2214970435",4.4,4.2,4.3,0.277,8.7,"0.856","M","Mature","Rajobenthic","Pectoral Undulation"
"Urotrygon_chilensis","Myliobatiformes","Urotrygonidae",22.1,13.3,11.4,2.7,14,6.2,1.5,"#DIV/0!",5.2,5.2,5.2,0.213,5.46,"0.936","M","Mature","Rajobenthic","Pectoral Undulation"
"Urotrygon_chilensis","Myliobatiformes","Urotrygonidae",33.2,19.2,16.6,4,18,7.2,1.9,"0.2294720442",7.6,7.4,7.5,0.448,9.27,NA,"F","Mature","Rajobenthic","Pectoral Undulation"
"Urotrygon_chilensis","Myliobatiformes","Urotrygonidae",29.4,16.2,14.4,4.1,17,6.7,1.7,"0.1963039106",5.2,4.8,5,0.428,10.49,"0.873","M","Mature","Rajobenthic","Pectoral Undulation"
"Urotrygon_munda","Myliobatiformes","Urotrygonidae",22.2,11.7,11.1,3.4,16,5.4,1.4,"#VALUE!",2.8,3,2.9,0.65,11.35,"0.845","M","Mature","Rajobenthic","Pectoral Undulation"
"Urotrygon_munda","Myliobatiformes","Urotrygonidae",23.9,14.9,13.3,3.5,15,7.1,1.6,"#VALUE!",3.6,3.4,3.5,0.53,10.3,"0.882","M","Mature","Rajobenthic","Pectoral Undulation"
"Urotrygon_munda","Myliobatiformes","Urotrygonidae",22.9,13,11.9,3,13,5.9,1.6,"0.29",3.4,3,3.2,0.23,6.52,"0.678","F","Subadult","Rajobenthic","Pectoral Undulation"
"Urotrygon_munda","Myliobatiformes","Urotrygonidae",19.6,9.8,9.9,3,14,4.5,1.4,"0.2721900139",4,4,4,0.067,4.05,NA,"M","Mature","Rajobenthic","Pectoral Undulation"
"Urotrygon_munda","Myliobatiformes","Urotrygonidae",21,10.9,10.2,3.1,15,5,1.5,"0.4571753408",3.2,3.4,3.3,0.14,4.68,NA,"M","Mature","Rajobenthic","Pectoral Undulation"
"Urotrygon_rogersi","Myliobatiformes","Urotrygonidae",37.9,23,18.5,4.9,20,8.8,2.2,"0.1761267918",8,8,8,0.507,13.18,"0.867","F","Mature","Rajobenthic","Pectoral Undulation"
"Urotrygon_rogersi","Myliobatiformes","Urotrygonidae",34.6,21.9,18.2,4.9,18,8.7,2.4,"0.2893504884",7.6,6.6,7.1,0.45,11.69,"0.805","M","Mature","Rajobenthic","Pectoral Undulation"
"Urotrygon_rogersi","Myliobatiformes","Urotrygonidae",29.6,19.1,14.5,3.9,19,6.8,1.7,"0.3022066351",6.6,6.2,6.4,0.448,10.23,"0.872","F","Mature","Rajobenthic","Pectoral Undulation"
"Urotrygon_rogersi","Myliobatiformes","Urotrygonidae",27,16.1,15.2,3.5,16,6,1.7,"0.4715656895",5,5.2,5.1,0.176,6.44,NA,"F","Juvenile","Rajobenthic","Pectoral Undulation"
"Urotrygon_rogersi","Myliobatiformes","Urotrygonidae",26.2,19,14.3,3.9,17,7.2,2,"#DIV/0!",7.8,7.4,7.6,0.338,10.21,NA,"M","Mature","Rajobenthic","Pectoral Undulation"
"Zanobatus_maculatus","Rhinopristiformes","Zanobatidae",38.8,22.9,20.8,NA,36,10.9,2.9,"#DIV/0!",6.4,6.8,6.6,1.19,16.75,"0.799","M","Mature","Rhinobenthic","Caudal Propulsion"
"Zanobatus_schoenleinii","Rhinopristiformes","Zanobatidae",45.4,26.1,23.2,6.2,23,14,3.4,"0.910198592",7.8,8.2,8,1.004,20.49,NA,"F","Mature","Rhinobenthic","Caudal Propulsion"
"Zanobatus_schoenleinii","Rhinopristiformes","Zanobatidae",50.3,27.9,23.8,5.9,23,12.6,3.6,"0.6423381836",9.4,9.2,9.3,0.549,14.95,NA,"F","Mature","Rhinobenthic","Caudal Propulsion"
"Zanobatus_schoenleinii","Rhinopristiformes","Zanobatidae",43.2,24.1,22.1,5.8,28,11.6,3.1,"0.8353577244",7.8,8.8,8.3,0.489,15.18,NA,"F","Mature","Rhinobenthic","Caudal Propulsion"
"Zanobatus_schoenleinii","Rhinopristiformes","Zanobatidae",32.6,19.1,15.7,3.5,15,8.6,2.5,"1.584568195",6,6,6,0.296,16.26,NA,"M","Mature","Rhinobenthic","Caudal Propulsion"
"Zapteryx_brevirostris","Rhinopristiformes","Trygonorrhinidae",63.5,30.2,25.6,5.8,31,17.1,4.1,"0.7008836787",10.6,10.2,10.4,0.919,17.78,NA,"M","Mature","Rhinobenthic","Caudal Propulsion"
"Zapteryx_brevirostris","Rhinopristiformes","Trygonorrhinidae",50.2,25,21.9,5.1,26,13.9,3.5,"1.175819804",10.4,10,10.2,0.279,9.78,"0.821","F","Mature","Rhinobenthic","Caudal Propulsion"
"Zapteryx_exasperata","Rhinopristiformes","Trygonorrhinidae",30.71,15.5,14.67,4,29,9.2,2.1,"0.71",4.6,4.8,4.7,0.51,11.66,NA,"M","Juvenile","Rhinobenthic","Caudal Propulsion"
"Zapteryx_exasperata","Rhinopristiformes","Trygonorrhinidae",33.83,15.5,15.94,3.9,29,9.1,2.7,"0.78",5.8,6,5.9,0.57,11.95,NA,"M","Juvenile","Rhinobenthic","Caudal Propulsion"
"Zapteryx_exasperata","Rhinopristiformes","Trygonorrhinidae",79.2,38.9,37.1,9.4,39,22.6,6.2,"1.327586745",11.6,13,12.3,1.344,15.58,NA,"F","Mature","Rhinobenthic","Caudal Propulsion"
"Zapteryx_xyster","Rhinopristiformes","Trygonorrhinidae",40.4,21.3,19.2,6.2,34,13,3.5,"0.76",7.8,8,7.9,0.9,14.03,"0.766","F","Juvenile","Rhinobenthic","Caudal Propulsion"
"Zapteryx_xyster","Rhinopristiformes","Trygonorrhinidae",52.03,22.5,21.35,6.5,42,15.7,3.7,"0.81",10.6,10.8,10.7,1.49,17.96,NA,"M","Juvenile","Rhinobenthic","Caudal Propulsion"
"Zapteryx_xyster","Rhinopristiformes","Trygonorrhinidae",36.05,18.3,16.73,5.3,30,11,3.2,"0.71",8,8.2,8.1,1.12,14.44,NA,"M","Juvenile","Rhinobenthic","Caudal Propulsion"
"Zearaja_brevicaudata","Rajiformes","Rajidae",45.2,34.6,27,9.2,22,18.3,4.1,"#DIV/0!",9,9.4,9.2,0.152,6.54,NA,"M","Juvenile","Rajobenthic","Pectoral Undulation"
"Zearaja_brevicaudata","Rajiformes","Rajidae",37.8,31,24.1,8.1,24,15.4,3.6,"#DIV/0!",5.8,5.8,5.8,0.169,6.65,NA,"F","Juvenile","Rajobenthic","Pectoral Undulation"
"Zearaja_chilensis","Rajiformes","Rajidae",95.28,65.5,54.82,17.9,85,36.8,9.2,NA,17.6,17.6,17.6,3.16,32.58,NA,"M","Mature","Rajobenthic","Pectoral Undulation"
"Zearaja_chilensis","Rajiformes","Rajidae",96.9,69.3,59.2,20.9,57,38.8,10.5,"#DIV/0!",17,15.8,16.4,2.273,28.36,NA,"F","Subadult","Rajobenthic","Pectoral Undulation"
"Zearaja_chilensis","Rajiformes","Rajidae",91.2,66.7,54.2,18.4,53,36,9.7,"#DIV/0!",17.6,16.8,17.2,3.36,25.22,NA,"M","Mature","Rajobenthic","Pectoral Undulation"
